UniqueID ,ParcelID,LandUse,PropertyAddress,SaleDate,SalePrice,LegalReference,SoldAsVacant
2045,007 00 0 125.00,SINGLE FAMILY,"1808  FOX CHASE DR, GOODLETTSVILLE","April 9, 2013",240000,20130412-0036474,No
16918,007 00 0 130.00,SINGLE FAMILY,"1832  FOX CHASE DR, GOODLETTSVILLE","June 10, 2014",366000,20140619-0053768,No
54582,007 00 0 138.00,SINGLE FAMILY,"1864 FOX CHASE  DR, GOODLETTSVILLE","September 26, 2016",435000,20160927-0101718,No
43070,007 00 0 143.00,SINGLE FAMILY,"1853  FOX CHASE DR, GOODLETTSVILLE","January 29, 2016",255000,20160129-0008913,No
22714,007 00 0 149.00,SINGLE FAMILY,"1829  FOX CHASE DR, GOODLETTSVILLE","October 10, 2014",278000,20141015-0095255,No
18367,007 00 0 151.00,SINGLE FAMILY,"1821  FOX CHASE DR, GOODLETTSVILLE","July 16, 2014",267000,20140718-0063802,No
19804,007 14 0 002.00,SINGLE FAMILY,"2005  SADIE LN, GOODLETTSVILLE","August 28, 2014",171000,20140903-0080214,No
54583,007 14 0 024.00,SINGLE FAMILY,"1917 GRACELAND  DR, GOODLETTSVILLE","September 27, 2016",262000,20161005-0105441,No
36500,007 14 0 026.00,SINGLE FAMILY,"1428  SPRINGFIELD HWY, GOODLETTSVILLE","August 14, 2015",285000,20150819-0083440,No
19805,007 14 0 034.00,SINGLE FAMILY,"1420  SPRINGFIELD HWY, GOODLETTSVILLE","August 29, 2014",340000,20140909-0082348,No
29467,007 14 0A 024.00,SINGLE FAMILY,"2209  KAYLA DR, GOODLETTSVILLE","April 14, 2015",425000,20150415-0033442,No
10754,007 14 0A 027.00,SINGLE FAMILY,"109  BAILEY VIEW CT, GOODLETTSVILLE","December 12, 2013",585000,20131227-0130352,No
34751,007 14 0B 010.00,RESIDENTIAL CONDO,"1900  TINNIN RD, GOODLETTSVILLE","July 13, 2015",190000,20150717-0069947,No
4512,007 15 0 002.00,SINGLE FAMILY,"629  GAYLEMORE DR, GOODLETTSVILLE","June 7, 2013",189900,20130612-0059715,No
16919,007 15 0 003.00,SINGLE FAMILY,"633  GAYLEMORE DR, GOODLETTSVILLE","June 30, 2014",157500,20140702-0058050,No
16920,007 15 0 004.00,SINGLE FAMILY,"637  GAYLEMORE DR, GOODLETTSVILLE","June 30, 2014",247400,20140630-0057267,No
51967,007 15 0 008.00,SINGLE FAMILY,"1976 SADIE  LN, GOODLETTSVILLE","July 15, 2016",211500,20160720-0074793,No
28155,007 15 0 014.00,SINGLE FAMILY,"644  GAYLEMORE DR, GOODLETTSVILLE","March 31, 2015",185900,20150402-0029022,No
8899,007 15 0 020.00,SINGLE FAMILY,"1921  NORMERLE DR, GOODLETTSVILLE","October 11, 2013",349900,20131018-0109102,No
4513,007 15 0 031.00,SINGLE FAMILY,"1916  NORMERLE DR, GOODLETTSVILLE","June 28, 2013",192500,20130711-0071698,No
27161,007 15 0 044.00,SINGLE FAMILY,"2050  GRACELAND DR, GOODLETTSVILLE","February 10, 2015",279900,20150212-0012993,No
46859,007 15 0 048.00,SINGLE FAMILY,"2034  GRACELAND DR, GOODLETTSVILLE","April 14, 2016",379900,20160418-0036715,No
5802,007 15 0 052.00,SINGLE FAMILY,"811  BENTON CT, GOODLETTSVILLE","July 8, 2013",192500,20130712-0072376,No
36501,010 00 0 045.00,SINGLE FAMILY,"331  VIEW RIDGE DR, GOODLETTSVILLE","August 31, 2015",193500,20150903-0090036,No
8900,010 00 0 052.00,SINGLE FAMILY,"361  VIEW RIDGE DR, GOODLETTSVILLE","October 21, 2013",172400,20131030-0112723,No
48716,011 15 0A 004.00,SINGLE FAMILY,"119 LAKESIDE  DR, GOODLETTSVILLE","May 31, 2016",435000,20160602-0055827,No
26215,012 00 0 082.00,SINGLE FAMILY,"8154  OLD SPRINGFIELD PIKE, GOODLETTSVILLE","January 26, 2015",162500,20150127-0007529,No
19806,012 00 0 083.00,SINGLE FAMILY,"8158  OLD SPRINGFIELD PIKE, GOODLETTSVILLE","August 1, 2014",235000,20140808-0071505,No
8901,012 00 0 109.00,SINGLE FAMILY,"8136  OLD SPRINGFIELD PIKE, GOODLETTSVILLE","October 11, 2013",225000,20131022-0110073,No
36502,012 02 0 011.00,SINGLE FAMILY,"1334  SPRINGFIELD HWY, GOODLETTSVILLE","August 27, 2015",271000,20150901-0088477,No
13354,012 02 0 019.00,SINGLE FAMILY,"1412  SPRINGFIELD HWY, GOODLETTSVILLE","March 18, 2014",359900,20140321-0023358,No
45285,012 03 0 006.00,SINGLE FAMILY,"612  GAYLEMORE DR, GOODLETTSVILLE","March 11, 2016",276500,20160317-0025384,No
53116,012 03 0 009.00,SINGLE FAMILY,"2013 SUNNYSLOPE  LN, GOODLETTSVILLE","August 29, 2016",271500,20160831-0091434,No
15542,012 03 0 012.00,SINGLE FAMILY,"600  SUNNYSLOPE CT, GOODLETTSVILLE","May 14, 2014",205900,20140529-0045974,No
54584,012 03 0 013.00,SINGLE FAMILY,"604 SUNNYSLOPE  CT, GOODLETTSVILLE","September 23, 2016",228000,20160927-0101636,No
1207,012 03 0 018.00,SINGLE FAMILY,"609  SUNNYSLOPE CT, GOODLETTSVILLE","March 15, 2013",160000,20130319-0026986,No
667,012 03 0 023.00,SINGLE FAMILY,"621  GAYLEMORE DR, GOODLETTSVILLE","February 8, 2013",129900,20130215-0015687,No
34752,012 03 0 025.00,SINGLE FAMILY,"613  GAYLEMORE DR, GOODLETTSVILLE","July 17, 2015",230000,20150721-0071254,No
39426,015 14 0 011.00,SINGLE FAMILY,"3128  UNION HILL RD, JOELTON","October 1, 2015",90000,20151006-0101964,No
48717,015 14 0 045.00,SINGLE FAMILY,"7515 GARY  RD, JOELTON","May 27, 2016",160000,20160606-0056507,No
53117,015 14 0 053.00,SINGLE FAMILY,"7620 GERALD  DR, JOELTON","August 8, 2016",195900,20160810-0083381,No
39427,015 14 0 054.00,SINGLE FAMILY,"7624  GERALD DR, JOELTON","October 9, 2015",122431,20151013-0103951,No
5803,015 14 0 055.00,SINGLE FAMILY,"7628  GERALD DR, JOELTON","July 12, 2013",119900,20130718-0074201,No
6993,015 14 0 060.00,SINGLE FAMILY,"3113  MILLIKEN DR, JOELTON","August 20, 2013",145000,20130821-0088382,No
43071,015 14 0 060.00,SINGLE FAMILY,"3113  MILLIKEN DR, JOELTON","January 15, 2016",160000,20160119-0004923,No
45286,015 14 0 061.00,SINGLE FAMILY,"3117  MILLIKEN DR, JOELTON","March 18, 2016",169900,20160413-0035454,No
3267,015 14 0 071.00,SINGLE FAMILY,"3107  MARGIE DR, JOELTON","May 10, 2013",103500,20130513-0047997,No
34753,015 14 0 075.00,SINGLE FAMILY,"3124  MARGIE DR, JOELTON","July 31, 2015",184000,20150803-0076727,No
39428,016 00 0 093.00,SINGLE FAMILY,"2466  UNION HILL RD, GOODLETTSVILLE","October 13, 2015",165000,20151014-0104536,No
21298,016 00 0 110.00,SINGLE FAMILY,"7221  APPLE VIEW DR, GOODLETTSVILLE","September 24, 2014",290000,20141009-0093665,No
34754,016 00 0 143.00,SINGLE FAMILY,"7104  LAMA TERRA DR, GOODLETTSVILLE","July 6, 2015",260000,20150708-0066261,No
39429,016 00 0 184.00,SINGLE FAMILY,"7143  LAMA TERRA DR, GOODLETTSVILLE","October 9, 2015",200000,20151013-0103879,No
5804,016 00 0 191.00,SINGLE FAMILY,"7175  LAMA TERRA DR, GOODLETTSVILLE","July 29, 2013",165000,20130729-0078604,No
34755,016 00 0 216.00,SINGLE FAMILY,"6912  RIDGERUNNER CT, GOODLETTSVILLE","July 10, 2015",230000,20150713-0067794,No
21299,018 00 0 041.00,SINGLE FAMILY,"334  MONCRIEF AVE, GOODLETTSVILLE","September 2, 2014",147000,20140908-0081941,No
8902,018 00 0 042.00,SINGLE FAMILY,"330  MONCRIEF AVE, GOODLETTSVILLE","October 25, 2013",154900,20131028-0111690,No
4514,018 00 0 087.00,VACANT RURAL LAND,"0  BRICK CHURCH PIKE, GOODLETTSVILLE","June 28, 2013",250000,20130709-0070947,No
4515,018 00 0 096.00,VACANT RES LAND,"0  BRICK CHURCH PIKE, GOODLETTSVILLE","June 28, 2013",250000,20130709-0070947,No
4516,018 00 0 097.00,SINGLE FAMILY,"235  BRICK CHURCH PIKE, GOODLETTSVILLE","June 28, 2013",250000,20130709-0070947,No
50583,018 00 0 136.00,SINGLE FAMILY,"522 UTLEY  DR, GOODLETTSVILLE","June 10, 2016",305000,20160614-0060196,No
8903,018 00 0 164.00,VACANT RES LAND,"332  MONCRIEF AVE, GOODLETTSVILLE","October 25, 2013",25000,20131028-0111686,N
16921,018 00 0 164.00,SINGLE FAMILY,"332  MONCRIEF AVE, GOODLETTSVILLE","June 24, 2014",219900,20140625-0055427,No
5805,018 03 0 001.00,SINGLE FAMILY,"314  ISAAC DR, GOODLETTSVILLE","July 3, 2013",150000,20130715-0072680,No
5806,018 03 0 002.00,SINGLE FAMILY,"312  ISAAC DR, GOODLETTSVILLE","July 18, 2013",156000,20130719-0074748,No
14425,018 03 0 026.00,DUPLEX,"408  ISAAC DR, GOODLETTSVILLE","April 4, 2014",170000,20140424-0034560,No
45287,018 03 0 027.00,SINGLE FAMILY,"410  ISAAC DR, GOODLETTSVILLE","March 31, 2016",209761,20160405-0032582,No
48718,018 07 0 011.00,SINGLE FAMILY,"207 ISAAC  DR, GOODLETTSVILLE","May 2, 2016",160900,20160503-0043688,No
16922,018 07 0 013.00,SINGLE FAMILY,"203  ISAAC DR, GOODLETTSVILLE","June 24, 2014",129500,20140627-0056397,No
18368,018 07 0 014.00,SINGLE FAMILY,"208  UTLEY DR, GOODLETTSVILLE","July 3, 2014",158000,20140708-0059798,No
40657,018 07 0 017.00,SINGLE FAMILY,"202  UTLEY DR, GOODLETTSVILLE","November 30, 2015",150000,20151202-0121355,No
27162,018 07 0 019.00,SINGLE FAMILY,"203  UTLEY DR, GOODLETTSVILLE","February 10, 2015",170800,20150218-0013846,No
16923,018 07 0 030.00,SINGLE FAMILY,"110  UTLEY DR, GOODLETTSVILLE","June 30, 2014",139050,20140702-0058174,No
29468,018 07 0 039.00,SINGLE FAMILY,"103  UTLEY DR, GOODLETTSVILLE","April 23, 2015",125000,20150428-0037887,No
6994,018 07 0 044.00,SINGLE FAMILY,"204  LUCIEN RD, GOODLETTSVILLE","August 20, 2013",123500,20130827-0090226,No
5807,018 07 0 045.00,SINGLE FAMILY,"202  LUCIEN RD, GOODLETTSVILLE","July 26, 2013",75000,20130730-0078963,No
11694,018 07 0 045.00,SINGLE FAMILY,"202  LUCIEN RD, GOODLETTSVILLE","January 14, 2014",142000,20140121-0005326,No
22715,018 07 0 062.00,VACANT RESIDENTIAL LAND,"507  MATHES CT, GOODLETTSVILLE","October 14, 2014",25000,20141015-0095213,N
48719,018 07 0 064.00,SINGLE FAMILY,"511 MATHES  CT, GOODLETTSVILLE","May 16, 2016",233000,20160517-0048930,No
8904,018 07 0 070.00,SINGLE FAMILY,"508  MATHES CT, GOODLETTSVILLE","October 31, 2013",153000,20131101-0113661,No
28156,018 07 0 082.00,SINGLE FAMILY,"107  CHARLESTON DR, GOODLETTSVILLE","March 23, 2015",155000,20150330-0026903,No
18369,018 07 0 090.00,SINGLE FAMILY,"502  MYSTIC HILL DR, GOODLETTSVILLE","July 31, 2014",175000,20140806-0070919,No
46860,018 07 0 097.00,SINGLE FAMILY,"605  LUCIEN RD, GOODLETTSVILLE","April 15, 2016",167500,20160429-0042038,No
44077,018 07 0 104.00,SINGLE FAMILY,"205  BRYAN HOUSE DR, GOODLETTSVILLE","February 17, 2016",180000,20160218-0015549,No
27163,018 07 0 109.00,SINGLE FAMILY,"105  BRYAN HOUSE DR, GOODLETTSVILLE","February 9, 2015",80000,20150210-0012443,No
34756,018 07 0 109.00,SINGLE FAMILY,"105  BRYAN HOUSE DR, GOODLETTSVILLE","July 20, 2015",179900,20150721-0071325,No
22716,018 07 0 142.00,SINGLE FAMILY,"301  MYSTIC HILL DR, GOODLETTSVILLE","October 24, 2014",229900,20141027-0098944,No
50584,018 07 0 142.00,SINGLE FAMILY,"301 MYSTIC HILL  DR, GOODLETTSVILLE","June 7, 2016",279900,20160610-0059130,No
25014,018 07 0 150.00,SINGLE FAMILY,"316  MYSTIC HILL DR, GOODLETTSVILLE","December 18, 2014",158500,20150109-0002500,No
54585,018 07 0 150.00,SINGLE FAMILY,"316 MYSTIC HILL  DR, GOODLETTSVILLE","September 30, 2016",228000,20161003-0103666,No
41928,018 07 0 153.00,SINGLE FAMILY,"407  HITT LN, GOODLETTSVILLE","December 9, 2015",135000,20151210-0124245,No
25015,018 07 0 160.00,SINGLE FAMILY,"402  CARLTON PL, GOODLETTSVILLE","December 12, 2014",128000,20141216-0114858,No
45288,018 07 0 163.00,SINGLE FAMILY,"401  CARLTON PL, GOODLETTSVILLE","March 25, 2016",189900,20160328-0028489,No
11695,018 08 0 015.00,SINGLE FAMILY,"105  ISAAC DR, GOODLETTSVILLE","January 3, 2014",120000,20140107-0001596,No
48720,018 08 0 015.00,SINGLE FAMILY,"105 ISAAC  DR, GOODLETTSVILLE","May 16, 2016",174900,20160519-0050067,No
4517,018 08 0 019.00,SINGLE FAMILY,"102  ISAAC DR, GOODLETTSVILLE","June 24, 2013",139000,20130627-0066289,No
28157,018 08 0 025.00,SINGLE FAMILY,"227  SWIFT DR, GOODLETTSVILLE","March 9, 2015",205000,20150320-0024264,No
46861,018 11 0 005.00,SINGLE FAMILY,"207  ENGEL AVE, GOODLETTSVILLE","April 14, 2016",200000,20160418-0036982,No
14426,018 11 0 015.00,SINGLE FAMILY,"214  ENGEL AVE, GOODLETTSVILLE","April 11, 2014",158000,20140417-0032125,No
40658,018 11 0 024.00,SINGLE FAMILY,"504  UTLEY DR, GOODLETTSVILLE","November 20, 2015",196000,20151124-0119293,No
18370,018 12 0 009.00,SINGLE FAMILY,"232  SWIFT DR, GOODLETTSVILLE","July 30, 2014",155000,20140731-0068478,No
36503,018 12 0 011.00,SINGLE FAMILY,"202  SWIFT DR, GOODLETTSVILLE","August 7, 2015",167000,20150813-0081240,No
22717,018 12 0 014.00,SINGLE FAMILY,"205  FANNIN DR, GOODLETTSVILLE","October 24, 2014",130000,20141028-0099422,No
56036,018 12 0 015.00,SINGLE FAMILY,"207 FANNIN  DR, GOODLETTSVILLE","October 20, 2016",179000,20161025-0112573,No
50585,018 12 0 022.00,SINGLE FAMILY,"108 FANNIN  DR, GOODLETTSVILLE","June 6, 2016",172000,20160606-0056892,No
50586,018 12 0 033.00,SINGLE FAMILY,"304 DORR  DR, GOODLETTSVILLE","June 13, 2016",150000,20160614-0060220,No
31076,018 12 0 040.00,SINGLE FAMILY,"305  FANNIN DR, GOODLETTSVILLE","May 21, 2015",172900,20150528-0049256,No
38073,018 12 0 051.00,SINGLE FAMILY,"308  FANNIN DR, GOODLETTSVILLE","September 24, 2015",160000,20150928-0098102,No
43072,018 12 0 054.00,SINGLE FAMILY,"300  FANNIN DR, GOODLETTSVILLE","January 28, 2016",220000,20160201-0009137,No
2046,018 12 0A 004.00,SINGLE FAMILY,"105  JUDITH CT, GOODLETTSVILLE","April 30, 2013",124900,20130502-0043992,No
10755,018 12 0A 006.00,SINGLE FAMILY,"108  JUDITH CT, GOODLETTSVILLE","December 18, 2013",144500,20131226-0129701,No
51968,018 12 0A 014.00,SINGLE FAMILY,"336 DORR  DR, GOODLETTSVILLE","July 20, 2016",175900,20160726-0076602,No
13355,018 12 0A 019.00,SINGLE FAMILY,"105  MAVELLA CT, GOODLETTSVILLE","March 31, 2014",110000,20140402-0027284,No
26216,018 12 0A 019.00,SINGLE FAMILY,"105  MAVELLA CT, GOODLETTSVILLE","January 13, 2015",158000,20150116-0004659,No
14427,018 12 0A 022.00,SINGLE FAMILY,"111  MAVELLA CT, GOODLETTSVILLE","April 29, 2014",159900,20140502-0037305,No
7982,018 12 0A 025.00,SINGLE FAMILY,"112  MAVELLA CT, GOODLETTSVILLE","September 20, 2013",164800,20130923-0099794,No
5808,018 12 0A 029.00,SINGLE FAMILY,"104  MAVELLA CT, GOODLETTSVILLE","July 19, 2013",140000,20130722-0075620,No
38074,018 12 0A 030.00,SINGLE FAMILY,"102  MAVELLA CT, GOODLETTSVILLE","September 17, 2015",170000,20150925-0097548,No
4518,018 12 0A 032.00,SINGLE FAMILY,"318  DORR DR, GOODLETTSVILLE","June 6, 2013",149000,20130610-0058845,No
12402,018 12 0A 038.00,SINGLE FAMILY,"331  DORR DR, GOODLETTSVILLE","February 10, 2014",132900,20140213-0012707,No
51969,018 12 0A 048.00,SINGLE FAMILY,"371 DORR  DR, GOODLETTSVILLE","July 1, 2016",170000,20160715-0072739,No
38075,018 12 0A 051.00,SINGLE FAMILY,"383  DORR DR, GOODLETTSVILLE","September 22, 2015",146000,20150930-0099411,No
29469,018 12 0A 053.00,SINGLE FAMILY,"391  DORR DR, GOODLETTSVILLE","April 17, 2015",159000,20150420-0034831,No
9799,018 12 0A 054.00,SINGLE FAMILY,"397  DORR DR, GOODLETTSVILLE","November 13, 2013",154000,20131121-0119895,No
36504,018 15 0 012.01,SINGLE FAMILY,"539  MONCRIEF AVE, GOODLETTSVILLE","August 14, 2015",187500,20150825-0085956,No
40659,018 15 0 017.00,SINGLE FAMILY,"407  MONCRIEF AVE, GOODLETTSVILLE","November 30, 2015",137500,20151201-0120959,No
2047,018 16 0 136.00,VACANT RES LAND,"335  MONCRIEF AVE, GOODLETTSVILLE","April 12, 2013",20000,20130416-0037646,Yes
31077,018 16 0 136.00,SINGLE FAMILY,"335  MONCRIEF AVE, GOODLETTSVILLE","May 29, 2015",340000,20150602-0050792,No
51970,018 16 0 205.00,DUPLEX,"225 GRAVES  RD, GOODLETTSVILLE","July 15, 2016",143000,20160719-0074416,No
29470,018 16 0 208.00,CHURCH,"408  BRICK CHURCH PIKE, GOODLETTSVILLE","April 9, 2015",134000,20150415-0033310,No
18371,019 13 0 037.00,SINGLE FAMILY,"119  MYERS ST, GOODLETTSVILLE","July 30, 2014",114000,20140801-0068977,No
41929,019 13 0 037.00,SINGLE FAMILY,"119  MYERS ST, GOODLETTSVILLE","December 4, 2015",134750,20151208-0123374,No
19807,022 02 0 014.00,SINGLE FAMILY,"7507  GARY RD, JOELTON","August 11, 2014",125000,20140815-0074111,No
23912,025 00 0 086.00,SINGLE FAMILY,"1128  HITT LN, GOODLETTSVILLE","November 5, 2014",143900,20141107-0103047,No
43073,025 00 0 218.00,VACANT RESIDENTIAL LAND,"DICKERSON PIKE, GOODLETTSVILLE","January 11, 2016",56000,20160112-0003190,Yes
43074,025 03 0 011.00,VACANT RESIDENTIAL LAND,"0  MONCRIEF AVE, GOODLETTSVILLE","January 22, 2016",50000,20160201-0009199,Yes
31078,025 03 0 012.00,SINGLE FAMILY,"501  MONCRIEF AVE, GOODLETTSVILLE","May 5, 2015",285900,20150511-0043022,No
1208,025 03 0 015.00,SINGLE FAMILY,"517  MONCRIEF AVE, GOODLETTSVILLE","March 25, 2013",20000,20130327-0029795,No
34757,025 03 0 027.00,SINGLE FAMILY,"463  MONCRIEF AVE, GOODLETTSVILLE","July 31, 2015",187500,20150804-0077193,No
56037,025 03 0 030.00,SINGLE FAMILY,"423 MONCRIEF  AVE, GOODLETTSVILLE","October 4, 2016",170000,20161006-0105787,No
50587,025 03 0 032.00,VACANT RESIDENTIAL LAND,"435 MONCRIEF  AVE, GOODLETTSVILLE","June 8, 2016",24400,20160616-0061051,N
8905,025 04 0 016.00,SINGLE FAMILY,"207  W CEDAR ST, GOODLETTSVILLE","October 15, 2013",129000,20131018-0108895,No
45289,025 04 0 016.00,SINGLE FAMILY,"207 W CEDAR ST, GOODLETTSVILLE","March 7, 2016",165000,20160308-0022037,No
12403,025 04 0 038.00,SINGLE FAMILY,"220  W CEDAR ST, GOODLETTSVILLE","February 14, 2014",135000,20140218-0013699,No
53118,025 04 0 043.00,SINGLE FAMILY,"210 W CEDAR  ST, GOODLETTSVILLE","August 5, 2016",57000,20160811-0083423,No
22718,025 04 0 051.00,SINGLE FAMILY,"231  MCCOIN DR, GOODLETTSVILLE","October 21, 2014",165000,20141023-0097861,No
48721,025 04 0 060.00,DUPLEX,"244 MCCOIN  DR, GOODLETTSVILLE","May 27, 2016",125000,20160531-0054506,No
38076,025 04 0 114.00,SINGLE FAMILY,"308  MCCOIN DR, GOODLETTSVILLE","September 30, 2015",172400,20151005-0101092,No
43075,025 04 0 115.00,SINGLE FAMILY,"310  MCCOIN DR, GOODLETTSVILLE","January 26, 2016",275000,20160127-0007808,No
6995,025 04 0 126.00,SINGLE FAMILY,"104  ESSEX CT, GOODLETTSVILLE","August 6, 2013",203000,20130807-0082622,No
53119,025 04 0 126.00,SINGLE FAMILY,"104 ESSEX  CT, GOODLETTSVILLE","August 19, 2016",231500,20160830-0090683,No
9800,025 04 0 130.00,SINGLE FAMILY,"101  ESSEX CT, GOODLETTSVILLE","November 8, 2013",148000,20131113-0117426,No
53120,025 07 0 007.00,SINGLE FAMILY,"409 ROSEHILL  DR, GOODLETTSVILLE","August 12, 2016",232000,20160816-0085264,No
34758,025 07 0 008.00,SINGLE FAMILY,"407  ROSEHILL DR, GOODLETTSVILLE","July 10, 2015",153000,20150724-0072748,No
44078,025 07 0 008.00,SINGLE FAMILY,"407  ROSEHILL DR, GOODLETTSVILLE","February 1, 2016",240000,20160208-0011837,No
16924,025 07 0 012.00,SINGLE FAMILY,"313  ROSEHILL DR, GOODLETTSVILLE","June 20, 2014",167000,20140624-0055290,No
54586,025 07 0 024.00,SINGLE FAMILY,"401 ROSEHILL  CT, GOODLETTSVILLE","September 29, 2016",190000,20161005-0105438,No
48722,025 07 0 026.00,SINGLE FAMILY,"405 ROSEHILL  CT, GOODLETTSVILLE","May 27, 2016",192000,20160601-0054789,No
33025,025 07 0 030.00,SINGLE FAMILY,"413  ROSEHILL CT, GOODLETTSVILLE","June 9, 2015",173000,20150615-0056184,No
38077,025 07 0 031.00,SINGLE FAMILY,"410  ROSEHILL CT, GOODLETTSVILLE","September 25, 2015",120000,20151013-0104052,No
43076,025 07 0 031.00,SINGLE FAMILY,,"January 15, 2016",179900,20160120-0005776,No
16925,025 07 0 034.00,SINGLE FAMILY,"402  ROSEHILL CT, GOODLETTSVILLE","June 30, 2014",261000,20140709-0060320,No
31079,025 07 0 039.00,SINGLE FAMILY,"302  ROSEHILL DR, GOODLETTSVILLE","May 20, 2015",152400,20150522-0047658,No
46862,025 08 0 006.00,SINGLE FAMILY,"207  ROSEHILL DR, GOODLETTSVILLE","April 12, 2016",125000,20160413-0035182,No
53121,025 08 0 006.00,SINGLE FAMILY,"207 ROSEHILL  DR, GOODLETTSVILLE","August 1, 2016",185000,20160804-0080915,No
34759,025 08 0 035.00,SINGLE FAMILY,"305  SHEVEL DR, GOODLETTSVILLE","July 31, 2015",175000,20150806-0078386,No
51971,025 08 0 064.00,SINGLE FAMILY,"213 SHEVEL  DR, GOODLETTSVILLE","July 13, 2016",149900,20160714-0072246,No
25016,025 08 0 075.00,SINGLE FAMILY,"210  SHEVEL DR, GOODLETTSVILLE","December 15, 2014",165500,20141230-0118807,No
22719,025 11 0 005.00,SINGLE FAMILY,"420  ROSEHILL DR, GOODLETTSVILLE","October 17, 2014",230000,20141021-0096843,No
41930,025 11 0 009.00,SINGLE FAMILY,"201  DORA DR, GOODLETTSVILLE","December 3, 2015",450000,20151208-0123531,No
19808,025 12 0 013.00,SINGLE FAMILY,"725  DICKERSON PIKE, GOODLETTSVILLE","August 19, 2014",148000,20140821-0076199,No
44079,025 12 0 021.00,SINGLE FAMILY,"720  DICKERSON PIKE, GOODLETTSVILLE","February 19, 2016",160200,20160226-0018533,No
6996,025 12 0 029.00,SINGLE FAMILY,"107  SHEVEL DR, GOODLETTSVILLE","August 21, 2013",100000,20130827-0090187,No
11696,025 12 0 029.00,SINGLE FAMILY,"107  SHEVEL DR, GOODLETTSVILLE","January 29, 2014",198000,20140205-0010246,No
53122,025 12 0 029.00,SINGLE FAMILY,"107 SHEVEL  DR, GOODLETTSVILLE","August 29, 2016",239900,20160831-0091435,No
54587,025 12 0 033.00,SINGLE FAMILY,"709 CERRO VISTA  DR, GOODLETTSVILLE","September 29, 2016",136900,20160930-0103073,No
13356,025 12 0 042.00,DUPLEX,"702  CERRO VISTA DR, GOODLETTSVILLE","March 7, 2014",155000,20140311-0020141,No
43077,025 12 0 057.00,SINGLE FAMILY,"113  CIMA DR, GOODLETTSVILLE","January 15, 2016",135000,20160125-0006524,No
23913,025 12 0 062.00,SINGLE FAMILY,"304  MOSS TRL, GOODLETTSVILLE","November 12, 2014",117000,20141114-0105085,No
34760,025 12 0 065.00,SINGLE FAMILY,"222  MOSS TRL, GOODLETTSVILLE","July 2, 2015",125000,20150708-0066123,No
19809,025 12 0 071.00,SINGLE FAMILY,"102  ROANOKE DR, GOODLETTSVILLE","August 1, 2014",177000,20140805-0070313,No
54588,025 12 0 071.00,SINGLE FAMILY,"102 ROANOKE  DR, GOODLETTSVILLE","September 29, 2016",200000,20161003-0103785,No
43078,025 12 0 073.00,SINGLE FAMILY,"104  ROANOKE DR, GOODLETTSVILLE","January 22, 2016",170000,20160129-0008846,No
9801,025 12 0 081.00,SINGLE FAMILY,"119  CONNOR DR, GOODLETTSVILLE","November 12, 2013",158000,20131119-0119224,No
36505,025 12 0 085.00,SINGLE FAMILY,"105  CONNOR DR, GOODLETTSVILLE","August 28, 2015",145000,20150831-0088200,No
11697,025 12 0 086.00,SINGLE FAMILY,"103  CONNOR DR, GOODLETTSVILLE","January 21, 2014",43000,20140123-0006401,No
16926,025 12 0 086.00,SINGLE FAMILY,"103  CONNOR DR, GOODLETTSVILLE","June 5, 2014",176811,20140611-0050942,No
18372,025 14 0 001.00,SINGLE FAMILY,"100  HASTY DR, GOODLETTSVILLE","July 2, 2014",163500,20140709-0060344,No
25017,025 14 0 002.00,DUPLEX,"215  DRY CREEK RD, GOODLETTSVILLE","December 5, 2014","120,000",20141208-0112026,No
5809,025 14 0 011.00,SINGLE FAMILY,"202  TABOR DR, GOODLETTSVILLE","July 25, 2013",203900,20130729-0078717,No
25018,025 14 0 011.00,SINGLE FAMILY,"202  TABOR DR, GOODLETTSVILLE","December 30, 2014",215000,20150106-0001295,No
22720,025 15 0 006.00,SINGLE FAMILY,"1275  HITT LN, GOODLETTSVILLE","October 3, 2014",220000,20141020-0096713,No
41931,025 15 0 014.00,SINGLE FAMILY,"304  HIGHLAND HEIGHTS DR, GOODLETTSVILLE","December 30, 2015",265000,20151231-0131467,No
25019,025 15 0 016.00,SINGLE FAMILY,"308  HIGHLAND HEIGHTS DR, GOODLETTSVILLE","December 5, 2014",224000,20141210-0112897,No
13357,025 15 0 024.00,SINGLE FAMILY,"313  HIGHLAND HEIGHTS DR, GOODLETTSVILLE","March 14, 2014",165000,20140321-0023637,No
4519,025 15 0 025.00,SINGLE FAMILY,"311  HIGHLAND HEIGHTS DR, GOODLETTSVILLE","June 25, 2013",169900,20130701-0067508,No
14428,025 15 0 027.00,SINGLE FAMILY,"307  HIGHLAND HEIGHTS DR, GOODLETTSVILLE","April 15, 2014",120000,20140416-0031705,No
31080,025 15 0 027.00,SINGLE FAMILY,"307  HIGHLAND HEIGHTS DR, GOODLETTSVILLE","May 15, 2015",178900,20150518-0045262,No
48723,025 16 0 002.00,CHURCH,"814 DICKERSON  PIKE, GOODLETTSVILLE","May 26, 2016",330000,20160531-0054356,No
8906,025 16 0 007.00,SINGLE FAMILY,"218  MOSS TRL, GOODLETTSVILLE","October 9, 2013",148000,20131014-0107187,No
39430,025 16 0 011.00,SINGLE FAMILY,"210  MOSS TRL, GOODLETTSVILLE","October 21, 2015",145000,20151027-0109306,No
36506,025 16 0 012.00,SINGLE FAMILY,"208  MOSS TRL, GOODLETTSVILLE","August 28, 2015",256000,20150916-0093699,No
33026,025 16 0 013.00,SINGLE FAMILY,"206  MOSS TRL, GOODLETTSVILLE","June 5, 2015",235000,20150610-0054503,No
13358,025 16 0 016.00,DUPLEX,"916  DICKERSON PIKE, GOODLETTSVILLE","March 4, 2014",150000,20140310-0019827,No
51972,025 16 0 020.00,VACANT RESIDENTIAL LAND,"0 DICKERSON  PIKE, GOODLETTSVILLE","July 8, 2016",30000,20160711-0070378,N
31081,025 16 0 024.00,SINGLE FAMILY,"109  MOSS TRL, GOODLETTSVILLE","May 28, 2015",184900,20150602-0050964,No
21300,025 16 0 034.00,SINGLE FAMILY,"121  GARRETT DR, GOODLETTSVILLE","September 30, 2014",220000,20141002-0091221,No
4520,025 16 0 038.00,SINGLE FAMILY,"129  GARRETT DR, GOODLETTSVILLE","June 14, 2013",124942,20130621-0063832,No
14429,025 16 0 039.00,VACANT RES LAND,"0  MOSS TRL, GOODLETTSVILLE","April 10, 2014",80000,20140415-0031418,No
14430,025 16 0 040.00,SINGLE FAMILY,"203  MOSS TRL, GOODLETTSVILLE","April 10, 2014",80000,20140415-0031418,No
51973,025 16 0 051.00,SINGLE FAMILY,"401 ALTA LOMA  RD, GOODLETTSVILLE","July 15, 2016",179900,20160722-0075466,No
6997,025 16 0 063.00,DUPLEX,"427  ALTA LOMA RD, GOODLETTSVILLE","August 30, 2013",163500,20130910-0095311,No
33027,025 16 0 071.00,SINGLE FAMILY,"420  ALTA LOMA RD, GOODLETTSVILLE","June 30, 2015",136000,20150702-0064374,No
41932,025 16 0 072.00,SINGLE FAMILY,"422  ALTA LOMA RD, GOODLETTSVILLE","December 11, 2015",232944,20151217-0127048,No
11698,025 16 0 080.00,SINGLE FAMILY,"299  DRAPER CIR, GOODLETTSVILLE","January 3, 2014",93000,20140108-0002053,No
15543,025 16 0 080.00,SINGLE FAMILY,"299  DRAPER CIR, GOODLETTSVILLE","May 23, 2014",185000,20140602-0047292,No
33047,026 00 0 034.00,SINGLE FAMILY,"252  LIBERTY LN, MADISON","June 30, 2015",199900,20150701-0063808,No
56038,026 01 0 024.00,SINGLE FAMILY,"117 EAST  AVE, GOODLETTSVILLE","October 24, 2016",98000,20161027-0113757,No
11699,026 01 0 030.00,SINGLE FAMILY,"127  EAST AVE, GOODLETTSVILLE","January 15, 2014",112000,20140121-0005669,No
23914,026 01 0 050.00,VACANT RESIDENTIAL LAND,"130  EAST AVE, GOODLETTSVILLE","November 12, 2014",24900,20141114-0105388,N
40660,026 01 0 050.00,VACANT RESIDENTIAL LAND,"130  EAST AVE, GOODLETTSVILLE","November 6, 2015",189900,20151118-0117013,No
2048,026 01 0 052.00,VACANT RES LAND,"126  EAST AVE, GOODLETTSVILLE","April 29, 2013",22500,20130501-0043874,N
39431,026 01 0 068.00,SINGLE FAMILY,"139  TWO MILE PIKE, GOODLETTSVILLE","October 16, 2015",110000,20151019-0105987,No
22721,026 01 0 069.00,VACANT RESIDENTIAL LAND,"141  TWO MILE PIKE, GOODLETTSVILLE","October 27, 2014",59800,20141031-0100471,Yes
39432,026 01 0 069.00,VACANT RESIDENTIAL LAND,,"October 23, 2015",153000,20151028-0109602,No
31082,026 01 0 109.00,SINGLE FAMILY,"130  TWO MILE PIKE, GOODLETTSVILLE","May 27, 2015",43000,20150610-0054642,No
33028,026 01 0 112.00,SINGLE FAMILY,"136  TWO MILE PIKE, GOODLETTSVILLE","June 1, 2015",133000,20150604-0052410,No
22722,026 01 0 153.00,SINGLE FAMILY,"143  TWO MILE PIKE, GOODLETTSVILLE","October 27, 2014",59800,20141031-0100471,Yes
29471,026 01 0 153.00,SINGLE FAMILY,"143  TWO MILE PIKE, GOODLETTSVILLE","April 15, 2015",153000,20150417-0034215,No
13378,026 02 0 005.00,SINGLE FAMILY,"313  WITHAM CT, GOODLETTSVILLE","March 14, 2014",177900,20140321-0023642,No
46902,026 02 0 006.00,SINGLE FAMILY,"121  LIDGATE TER, GOODLETTSVILLE","April 29, 2016",169000,20160503-0043379,No
28178,026 02 0 008.00,SINGLE FAMILY,"409  NEWBERRY CT, GOODLETTSVILLE","March 13, 2015",165000,20150319-0023524,No
10782,026 02 0 010.00,SINGLE FAMILY,"405  NEWBERRY CT, GOODLETTSVILLE","December 31, 2013",172000,20140106-0001151,No
54610,026 02 0 010.00,SINGLE FAMILY,"405 NEWBERRY  CT, GOODLETTSVILLE","September 7, 2016",197000,20160909-0094999,No
26231,026 02 0 015.00,SINGLE FAMILY,"111  LIDGATE TER, GOODLETTSVILLE","January 30, 2015",174000,20150206-0011210,No
45312,026 02 0 016.00,SINGLE FAMILY,"515  HANOVER CT, GOODLETTSVILLE","March 4, 2016",194500,20160307-0021349,No
7017,026 02 0 017.00,SINGLE FAMILY,"513  HANOVER CT, GOODLETTSVILLE","August 15, 2013",160000,20130823-0089241,No
2081,026 02 0 018.00,SINGLE FAMILY,"511  HANOVER CT, GOODLETTSVILLE","April 22, 2013",164900,20130424-0040730,No
2082,026 02 0 022.00,SINGLE FAMILY,"501  HANOVER CT, GOODLETTSVILLE","April 15, 2013",186900,20130417-0038218,No
16942,026 02 0 023.00,SINGLE FAMILY,"201  ASHTEAD CT, GOODLETTSVILLE","June 27, 2014",164900,20140703-0058681,No
8004,026 03 0 006.00,SINGLE FAMILY,"331  WITHAM CT, GOODLETTSVILLE","September 18, 2013",189000,20130923-0099641,No
673,026 03 0 007.00,SINGLE FAMILY,"329  WITHAM CT, GOODLETTSVILLE","February 25, 2013",145000,20130228-0019937,No
12410,026 03 0 008.00,SINGLE FAMILY,"327  WITHAM CT, GOODLETTSVILLE","February 28, 2014",154000,20140306-0018734,No
18387,026 03 0 009.00,SINGLE FAMILY,"325  WITHAM CT, GOODLETTSVILLE","July 29, 2014",154000,20140731-0068358,No
12411,026 03 0 016.00,SINGLE FAMILY,"311  CHISWICK CT, GOODLETTSVILLE","February 18, 2014",194900,20140225-0015908,No
39433,026 05 0 013.00,SINGLE FAMILY,"207 B  EAST AVE, GOODLETTSVILLE","October 28, 2015",95000,20151029-0110063,No
4521,026 05 0 017.00,SINGLE FAMILY,"208  EAST AVE, GOODLETTSVILLE","June 24, 2013",129900,20130626-0065757,No
45290,026 05 0 017.00,SINGLE FAMILY,,"March 29, 2016",155000,20160330-0029941,No
19810,026 05 0 023.00,SINGLE FAMILY,"302  ROSCOE ST, GOODLETTSVILLE","August 26, 2014",167000,20140827-0077918,No
45291,026 05 0 041.00,SINGLE FAMILY,"113  ROSCOE ST, GOODLETTSVILLE","March 30, 2016",166000,20160331-0030638,No
14431,026 05 0 042.00,SINGLE FAMILY,"115  ROSCOE ST, GOODLETTSVILLE","April 4, 2014",105000,20140404-0028200,No
5810,026 05 0 050.00,SINGLE FAMILY,"118  HOLLYWOOD ST, GOODLETTSVILLE","July 18, 2013",75000,20130724-0076564,No
14432,026 05 0 050.00,SINGLE FAMILY,"118  HOLLYWOOD ST, GOODLETTSVILLE","April 25, 2014",184000,20140430-0036135,No
22723,026 05 0 053.00,SINGLE FAMILY,"205  ROSCOE ST, GOODLETTSVILLE","October 30, 2014",140000,20141121-0107203,No
34761,026 05 0 060.00,SINGLE FAMILY,"301  ROSCOE ST, GOODLETTSVILLE","July 28, 2015",182000,20150730-0074951,No
38078,026 05 0 070.00,DUPLEX,"309  TWO MILE PIKE, GOODLETTSVILLE","September 17, 2015",195000,20151013-0104270,No
21301,026 05 0 098.00,SINGLE FAMILY,"201  HOLLYWOOD ST, GOODLETTSVILLE","September 5, 2014",118900,20140930-0090023,No
40661,026 05 0 099.00,VACANT RESIDENTIAL LAND,"203  HOLLYWOOD ST, GOODLETTSVILLE","November 5, 2015",36900,20151106-0113190,Yes
40662,026 05 0 100.00,VACANT RESIDENTIAL LAND,"205  HOLLYWOOD ST, GOODLETTSVILLE","November 5, 2015",29900,20151106-0113192,N
25020,026 05 0 101.00,SINGLE FAMILY,"207  HOLLYWOOD ST, GOODLETTSVILLE","December 31, 2014",135000,20150106-0001076,No
31083,026 05 0 117.00,SINGLE FAMILY,"309  HOLLYWOOD ST, GOODLETTSVILLE","May 5, 2015",128000,20150506-0041370,No
31102,026 06 0 005.00,ZERO LOT LINE,"110  HABERSHAM CT, GOODLETTSVILLE","May 29, 2015",110000,20150602-0051124,No
50605,026 06 0 006.00,ZERO LOT LINE,"112 HABERSHAM  CT, GOODLETTSVILLE","June 30, 2016",115000,20160720-0074872,No
39458,026 06 0 010.00,ZERO LOT LINE,"120  HABERSHAM CT, GOODLETTSVILLE","October 21, 2015",112300,20151023-0108063,No
50606,026 06 0 011.00,ZERO LOT LINE,"122 HABERSHAM  CT, GOODLETTSVILLE","June 9, 2016","$120,000 ",20160613-0059703,No
50607,026 06 0 021.00,ZERO LOT LINE,"110 BUTLEIGH  CT, GOODLETTSVILLE","June 7, 2016",85000,20160613-0059831,No
16943,026 06 0 028.00,SINGLE FAMILY,"128  BROCKHAMPTON CT, GOODLETTSVILLE","June 27, 2014",110000,20140630-0056939,No
8919,026 06 0 031.00,SINGLE FAMILY,"123  BROCKHAMPTON CT, GOODLETTSVILLE","October 15, 2013",158000,20131017-0108715,No
2083,026 06 0 034.00,SINGLE FAMILY,"117  BROCKHAMPTON CT, GOODLETTSVILLE","April 25, 2013",139900,20130429-0042127,No
33048,026 06 0 034.00,SINGLE FAMILY,"117  BROCKHAMPTON CT, GOODLETTSVILLE","June 12, 2015",162000,20150616-0057099,No
16944,026 06 0 040.00,SINGLE FAMILY,"105  BROCKHAMPTON CT, GOODLETTSVILLE","June 6, 2014",117000,20140611-0050592,No
23925,026 06 0 042.00,SINGLE FAMILY,"101  BROCKHAMPTON CT, GOODLETTSVILLE","November 14, 2014",149900,20141118-0106312,No
50608,026 06 0 042.00,SINGLE FAMILY,"101 BROCKHAMPTON  CT, GOODLETTSVILLE","June 17, 2016",175000,20160621-0063035,No
16945,026 06 0 043.00,SINGLE FAMILY,"115  DORCHESTER CT, GOODLETTSVILLE","June 30, 2014",149900,20140710-0060654,No
16946,026 06 0 044.00,SINGLE FAMILY,"112  DORCHESTER CT, GOODLETTSVILLE","June 27, 2014",129900,20140711-0061022,No
26232,026 06 0 045.00,SINGLE FAMILY,"111  DORCHESTER CT, GOODLETTSVILLE","January 15, 2015",135000,20150116-0005033,No
16947,026 06 0 050.00,SINGLE FAMILY,"101  DORCHESTER CT, GOODLETTSVILLE","June 13, 2014",117000,20140620-0053993,No
2084,026 06 0 057.00,ZERO LOT LINE,"104  CHESHIRE CT, GOODLETTSVILLE","April 5, 2013",112000,20130408-0034147,No
19827,026 06 0 062.00,ZERO LOT LINE,"114  CHESHIRE CT, GOODLETTSVILLE","August 15, 2014",124500,20140822-0076767,No
26233,026 06 0 069.00,ZERO LOT LINE,"128  CHESHIRE CT, GOODLETTSVILLE","January 5, 2015",112444,20150116-0004614,No
26234,026 06 0 070.00,ZERO LOT LINE,"130  CHESHIRE CT, GOODLETTSVILLE","January 23, 2015",117000,20150130-0008913,No
46903,026 06 0 080.00,SINGLE FAMILY,"120  BUCKINGHAM CT, GOODLETTSVILLE","April 14, 2016",207500,20160418-0036945,No
56061,026 06 0 082.00,SINGLE FAMILY,"124 BUCKINGHAM  CT, GOODLETTSVILLE","October 28, 2016",189900,20161031-0114800,No
15559,026 06 0 086.00,SINGLE FAMILY,"110  OXFORD CT, GOODLETTSVILLE","May 15, 2014",165000,20140529-0046269,No
4534,026 06 0 092.00,SINGLE FAMILY,"122  OXFORD CT, GOODLETTSVILLE","June 3, 2013",149900,20130605-0056814,No
7018,026 06 0 094.00,SINGLE FAMILY,"104  HOLLIS CT, GOODLETTSVILLE","August 21, 2013",139000,20130903-0092555,No
25044,026 06 0 096.00,SINGLE FAMILY,"102  SHEFFIELD CT, GOODLETTSVILLE","December 19, 2014",148000,20141223-0117311,No
46904,026 06 0 102.00,SINGLE FAMILY,"114  SHEFFIELD CT, GOODLETTSVILLE","April 26, 2016",189900,20160428-0041600,No
34783,026 06 0 105.00,SINGLE FAMILY,"104  SWANTON CT, GOODLETTSVILLE","July 17, 2015",155750,20150727-0073222,No
2085,026 06 0 107.00,SINGLE FAMILY,"108  SWANTON CT, GOODLETTSVILLE","April 29, 2013",150000,20130502-0044195,No
29499,026 06 0 108.00,SINGLE FAMILY,"110  SWANTON CT, GOODLETTSVILLE","April 28, 2015",155000,20150501-0039706,No
1215,026 06 0 113.00,SINGLE FAMILY,"507  HANOVER CT, GOODLETTSVILLE","March 26, 2013",155000,20130401-0031009,No
48751,026 06 0 113.00,SINGLE FAMILY,"507 HANOVER  CT, GOODLETTSVILLE","May 20, 2016",176000,20160525-0052604,No
33049,026 06 0A 003.00,RESIDENTIAL CONDO,"206  WYNDOM CT, GOODLETTSVILLE","June 25, 2015",149000,20150630-0063113,No
1216,026 06 0A 005.00,RESIDENTIAL CONDO,"210  WYNDOM CT, GOODLETTSVILLE","March 19, 2013",106800,20130325-0029084,No
8920,026 06 0A 006.00,RESIDENTIAL CONDO,"212  WYNDOM CT, GOODLETTSVILLE","October 25, 2013",138000,20131028-0111661,No
25045,026 06 0A 006.00,RESIDENTIAL CONDO,"212  WYNDOM CT, GOODLETTSVILLE","December 11, 2014",152000,20141215-0114311,No
7019,026 06 0A 010.00,RESIDENTIAL CONDO,"222  WYNDOM CT, GOODLETTSVILLE","August 12, 2013",142500,20130815-0085895,No
7020,026 06 0A 012.00,RESIDENTIAL CONDO,"226  WYNDOM CT, GOODLETTSVILLE","August 30, 2013",124900,20130905-0093813,No
39459,026 06 0A 013.00,RESIDENTIAL CONDO,"228  WYNDOM CT, GOODLETTSVILLE","October 13, 2015",160000,20151019-0105883,No
50609,026 06 0A 020.00,RESIDENTIAL CONDO,"227 WYNDOM  CT, GOODLETTSVILLE","June 3, 2016",167000,20160608-0057806,No
4535,026 06 0A 026.00,RESIDENTIAL CONDO,"241  WYNDOM CT, GOODLETTSVILLE","June 24, 2013",140000,20130628-0066836,No
44095,026 06 0A 029.00,RESIDENTIAL CONDO,"102  CANTON CT, GOODLETTSVILLE","February 8, 2016",160000,20160210-0012911,No
45313,026 06 0A 031.00,RESIDENTIAL CONDO,"106  CANTON CT, GOODLETTSVILLE","March 22, 2016",159000,20160330-0030175,No
54611,026 06 0A 032.00,RESIDENTIAL CONDO,"108 CANTON  CT, GOODLETTSVILLE","September 7, 2016",167000,20160909-0095038,No
19828,026 06 0A 038.00,RESIDENTIAL CONDO,"109  CANTON CT, GOODLETTSVILLE","August 21, 2014",127000,20140825-0077233,No
53147,026 06 0A 038.00,RESIDENTIAL CONDO,,"August 25, 2016",144900,20160831-0091567,No
34784,026 06 0A 043.00,RESIDENTIAL CONDO,"129  CANTON CT, GOODLETTSVILLE","July 15, 2015",167967,20150717-0070151,No
54612,026 06 0A 052.00,RESIDENTIAL CONDO,"112 CANTON  CT, GOODLETTSVILLE","September 12, 2016",162500,20160914-0096868,No
46905,026 06 0A 053.00,RESIDENTIAL CONDO,"114  CANTON CT, GOODLETTSVILLE","April 8, 2016",157500,20160414-0035589,No
38107,026 06 0A 056.00,RESIDENTIAL CONDO,"120  CANTON CT, GOODLETTSVILLE","September 30, 2015",157000,20151005-0101163,No
25046,026 06 0A 058.00,RESIDENTIAL CONDO,"124  CANTON CT, GOODLETTSVILLE","December 12, 2014",141000,20141222-0116906,No
19829,026 06 0A 061.00,RESIDENTIAL CONDO,"135  CANTON CT, GOODLETTSVILLE","August 29, 2014",165000,20140904-0080852,No
16948,026 06 0A 062.00,RESIDENTIAL CONDO,"137  CANTON CT, GOODLETTSVILLE","June 27, 2014",141000,20140701-0057770,No
54613,026 06 0A 073.00,RESIDENTIAL CONDO,"128 CANTON  CT, GOODLETTSVILLE","September 16, 2016",181000,20160920-0098691,No
25047,026 06 0A 076.00,RESIDENTIAL CONDO,"134  CANTON CT, GOODLETTSVILLE","December 11, 2014",155800,20141216-0114967,No
46906,026 06 0A 077.00,RESIDENTIAL CONDO,"136  CANTON CT, GOODLETTSVILLE","April 14, 2016",163900,20160415-0036244,No
25048,026 06 0A 078.00,RESIDENTIAL CONDO,"138  CANTON CT, GOODLETTSVILLE","December 5, 2014",154900,20141211-0113406,No
31103,026 06 0A 080.00,RESIDENTIAL CONDO,"142  CANTON CT, GOODLETTSVILLE","May 29, 2015",150000,20150616-0057165,No
31104,026 06 0A 082.00,RESIDENTIAL CONDO,"146  CANTON CT, GOODLETTSVILLE","May 22, 2015",150000,20150528-0049004,No
36524,026 06 0A 083.00,RESIDENTIAL CONDO,"148  CANTON CT, GOODLETTSVILLE","August 14, 2015",154900,20150820-0083981,No
26235,026 07 0 005.00,ZERO LOT LINE,"104  CHAMPNEY CT, GOODLETTSVILLE","January 9, 2015",126000,20150130-0009087,No
18388,026 07 0 012.00,ZERO LOT LINE,"118  CHAMPNEY CT, GOODLETTSVILLE","July 30, 2014",124900,20140801-0068896,No
54614,026 07 0 012.00,ZERO LOT LINE,"118 CHAMPNEY  CT, GOODLETTSVILLE","September 2, 2016",140000,20160908-0094644,No
54615,026 07 0 015.00,ZERO LOT LINE,"124 CHAMPNEY  CT, GOODLETTSVILLE","September 7, 2016",132500,20160907-0094297,No
53148,026 07 0 021.00,ZERO LOT LINE,"136 CHAMPNEY  CT, GOODLETTSVILLE","August 3, 2016",133400,20160804-0081127,No
38108,026 07 0 033.00,SINGLE FAMILY,"105  HARDWICK CT, GOODLETTSVILLE","September 17, 2015",153000,20150921-0095860,No
29500,026 07 0 042.00,SINGLE FAMILY,"107  BUTTERFIELD CT, GOODLETTSVILLE","April 30, 2015",162500,20150504-0039884,No
40684,026 07 0 043.00,SINGLE FAMILY,"109  BUTTERFIELD CT, GOODLETTSVILLE","November 10, 2015",127500,20151112-0114858,No
1217,026 07 0 048.00,SINGLE FAMILY,"103  AINTREE CT, GOODLETTSVILLE","March 22, 2013",123000,20130326-0029525,No
48752,026 07 0 049.00,SINGLE FAMILY,"105 AINTREE  CT, GOODLETTSVILLE","May 16, 2016",154900,20160517-0049060,No
26236,026 07 0 059.00,SINGLE FAMILY,"109  WELSHWOOD CT, GOODLETTSVILLE","January 13, 2015",135000,20150114-0003989,No
3279,026 07 0 064.00,SINGLE FAMILY,"119  WELSHWOOD CT, GOODLETTSVILLE","May 31, 2013",129900,20130603-0055353,No
3280,026 07 0 065.00,SINGLE FAMILY,"101  HEATHCOTE CT, GOODLETTSVILLE","May 23, 2013",120000,20130605-0057025,No
28179,026 07 0 065.00,SINGLE FAMILY,"101  HEATHCOTE CT, GOODLETTSVILLE","March 13, 2015",143900,20150318-0023239,No
15560,026 07 0 067.00,SINGLE FAMILY,"105  HEATHCOTE CT, GOODLETTSVILLE","May 21, 2014",123900,20140522-0044220,No
33050,026 07 0 074.00,SINGLE FAMILY,"119  HEATHCOTE CT, GOODLETTSVILLE","June 26, 2015",127000,20150630-0062974,No
50610,026 07 0 075.00,SINGLE FAMILY,"121 HEATHCOTE  CT, GOODLETTSVILLE","June 10, 2016",179999,20160615-0060722,No
25049,026 07 0 093.00,SINGLE FAMILY,"126  CORBRIDGE CT, GOODLETTSVILLE","December 2, 2014",134900,20141204-0111336,No
25050,026 07 0 095.00,SINGLE FAMILY,"122  CORBRIDGE CT, GOODLETTSVILLE","December 31, 2014",126650,20150102-0000032,No
56062,026 07 0 095.00,SINGLE FAMILY,"122 CORBRIDGE  CT, GOODLETTSVILLE","October 14, 2016",160000,20161018-0110041,No
15561,026 07 0 096.00,SINGLE FAMILY,"120  CORBRIDGE CT, GOODLETTSVILLE","May 9, 2014",156500,20140516-0042311,No
15562,026 07 0 097.00,SINGLE FAMILY,"118  CORBRIDGE CT, GOODLETTSVILLE","May 2, 2014",158000,20140506-0038541,No
54616,026 07 0 100.00,SINGLE FAMILY,"112 CORBRIDGE  CT, GOODLETTSVILLE","September 15, 2016",175000,20160920-0098806,No
45314,026 07 0 106.00,SINGLE FAMILY,"101  BRENTON CT, GOODLETTSVILLE","March 18, 2016",130000,20160322-0027142,No
3281,026 07 0 107.00,SINGLE FAMILY,"103  BRENTON CT, GOODLETTSVILLE","May 30, 2013",156000,20130607-0058072,No
4536,026 07 0 111.00,SINGLE FAMILY,"111  BRENTON CT, GOODLETTSVILLE","June 7, 2013",127500,20130612-0059698,No
50611,026 07 0 117.00,SINGLE FAMILY,"105 SOUTHAMPTON  CT, GOODLETTSVILLE","June 15, 2016",174900,20160616-0061119,No
50612,026 07 0 128.00,SINGLE FAMILY,"109 CAMBRIDGE  CT, GOODLETTSVILLE","June 24, 2016",195000,20160628-0066032,No
43098,026 07 0 134.00,SINGLE FAMILY,"121  CAMBRIDGE CT, GOODLETTSVILLE","January 18, 2016",145000,20160201-0009241,No
674,026 07 0 141.00,SINGLE FAMILY,"104  DOVER CT, GOODLETTSVILLE","February 19, 2013",115000,20130221-0017353,No
34785,026 07 0 150.00,SINGLE FAMILY,"708  WINDSOR TRCE, GOODLETTSVILLE","July 31, 2015",175000,20150805-0077716,No
33051,026 07 0 160.00,SINGLE FAMILY,"116  NEWCASTLE CT, GOODLETTSVILLE","June 25, 2015",166000,20150629-0062036,No
46907,026 07 0 164.00,SINGLE FAMILY,"124  NEWCASTLE CT, GOODLETTSVILLE","April 11, 2016",176000,20160413-0035156,No
12412,026 07 0 165.00,SINGLE FAMILY,"102  BUCKINGHAM CT, GOODLETTSVILLE","February 7, 2014",152500,20140221-0014905,No
48753,026 07 0 167.00,SINGLE FAMILY,"106 BUCKINGHAM  CT, GOODLETTSVILLE","May 18, 2016",229900,20160520-0050856,No
33052,026 07 0 175.00,SINGLE FAMILY,"134  BUCKINGHAM CT, GOODLETTSVILLE","June 5, 2015",168000,20150609-0054327,No
3282,026 07 0 176.00,SINGLE FAMILY,"136  BUCKINGHAM CT, GOODLETTSVILLE","May 10, 2013",120000,20130521-0051263,No
2086,026 07 0 179.00,SINGLE FAMILY,"102  OXFORD CT, GOODLETTSVILLE","April 30, 2013",148000,20130508-0046263,No
39460,026 07 0 181.00,SINGLE FAMILY,"106  OXFORD CT, GOODLETTSVILLE","October 26, 2015",186500,20151029-0110225,No
2087,026 07 0 182.00,SINGLE FAMILY,"107  TUDOR CT, GOODLETTSVILLE","April 30, 2013",167900,20130521-0051114,No
56063,026 07 0 184.00,SINGLE FAMILY,"103 TUDOR  CT, GOODLETTSVILLE","October 31, 2016",205000,20161101-0115368,No
48754,026 07 0 190.00,SINGLE FAMILY,"111 DIGBY  CT, GOODLETTSVILLE","May 31, 2016",179900,20160606-0056476,No
18389,026 07 0 191.00,SINGLE FAMILY,"207  ASHTEAD CT, GOODLETTSVILLE","July 3, 2014",160000,20140708-0060091,No
16949,026 07 0 192.00,SINGLE FAMILY,"101  LIDGATE TER, GOODLETTSVILLE","June 18, 2014",108000,20140620-0054140,No
28180,026 07 0 194.00,SINGLE FAMILY,"128  BUCKINGHAM CT, GOODLETTSVILLE","March 9, 2015",176000,20150311-0020742,No
25021,026 09 0 001.00,DUPLEX,"111  SHEVEL DR, GOODLETTSVILLE","December 8, 2014",155000,20141210-0112972,No
38079,026 09 0 004.00,SINGLE FAMILY,"117  SHEVEL DR, GOODLETTSVILLE","September 21, 2015",124000,20150922-0096115,No
39434,026 09 0 008.00,SINGLE FAMILY,"519  DONALD AVE, GOODLETTSVILLE","October 5, 2015",142000,20151009-0103043,No
21302,026 09 0 020.00,SINGLE FAMILY,"518  DONALD AVE, GOODLETTSVILLE","September 30, 2014",214900,20141002-0090869,No
18373,026 09 0 021.00,SINGLE FAMILY,"516  DONALD AVE, GOODLETTSVILLE","July 31, 2014",198900,20140820-0075601,No
668,026 09 0 028.00,SINGLE FAMILY,"119  CIMA DR, GOODLETTSVILLE","February 25, 2013",244000,20130227-0019536,No
25022,026 09 0 030.00,SINGLE FAMILY,"205  CIMA DR, GOODLETTSVILLE","December 16, 2014",133000,20141218-0115948,No
54589,026 09 0 031.00,SINGLE FAMILY,"207 CIMA  DR, GOODLETTSVILLE","September 15, 2016",274900,20160916-0097516,No
22724,026 09 0 035.00,SINGLE FAMILY,"221  CIMA DR, GOODLETTSVILLE","October 3, 2014",124800,20141010-0093992,No
4522,026 09 0 037.00,SINGLE FAMILY,"225  CIMA DR, GOODLETTSVILLE","June 4, 2013",160000,20130610-0058712,No
21303,026 09 0 048.00,SINGLE FAMILY,"438  MOSS TRL, GOODLETTSVILLE","September 18, 2014",105000,20140925-0088169,No
21304,026 09 0 056.00,SINGLE FAMILY,"408  MOSS TRL, GOODLETTSVILLE","September 5, 2014",146000,20140909-0082328,No
51974,026 09 0 060.00,SINGLE FAMILY,"401 MOSS  TRL, GOODLETTSVILLE","July 15, 2016",165000,20160719-0074017,No
19811,026 09 0 061.00,SINGLE FAMILY,"403  MOSS TRL, GOODLETTSVILLE","August 27, 2014",145900,20140828-0078685,No
48724,026 09 0 074.00,SINGLE FAMILY,"441 MOSS  TRL, GOODLETTSVILLE","May 27, 2016",142000,20160518-0049597,No
13379,026 12 0 016.00,SINGLE FAMILY,"2403  MANSKER DR, MADISON","March 26, 2014",125000,20140331-0026323,No
25023,026 13 0 002.02,SINGLE FAMILY,"350  PLEASANT GREEN DR, GOODLETTSVILLE","December 11, 2014",175000,20141223-0117339,No
8907,026 13 0 005.00,SINGLE FAMILY,"421  MOSS TRL, GOODLETTSVILLE","October 24, 2013",100000,20131028-0111877,No
38080,026 13 0 009.00,SINGLE FAMILY,"429  MOSS TRL, GOODLETTSVILLE","September 23, 2015",144000,20150928-0098441,No
51975,026 13 0 064.00,SINGLE FAMILY,"314 DRAPER  CIR, GOODLETTSVILLE","July 12, 2016",239900,20160715-0073067,No
36525,026 16 0 012.00,SINGLE FAMILY,"200  CUMBERLAND HILLS DR, MADISON","August 21, 2015",150000,20150827-0086999,No
46908,026 16 0 014.00,SINGLE FAMILY,"204  CUMBERLAND HILLS DR, MADISON","April 15, 2016",183000,20160419-0037836,No
7021,026 16 0 025.00,SINGLE FAMILY,"219  CUMBERLAND HILLS DR, MADISON","August 20, 2013",215000,20130906-0094088,No
18390,026 16 0 025.00,SINGLE FAMILY,"219  CUMBERLAND HILLS DR, MADISON","July 15, 2014",230000,20140717-0063482,No
56064,026 16 0 028.00,SINGLE FAMILY,"213 CUMBERLAND HILLS  DR, MADISON","October 28, 2016",205000,20161102-0115831,No
51990,026 16 0 047.00,SINGLE FAMILY,"2449 MANSKER  DR, MADISON","July 13, 2016",175000,20160715-0072691,No
15563,026 16 0 055.00,SINGLE FAMILY,"2317  SPRING BRANCH DR, MADISON","May 9, 2014",250000,20140513-0040984,No
56039,032 09 0 008.00,SINGLE FAMILY,"100 CRYSTAL  CT, NASHVILLE","October 13, 2016",118000,20161021-0111771,No
48725,032 09 0 011.00,SINGLE FAMILY,"1528 FALL  DR, NASHVILLE","May 27, 2016",145000,20160601-0055026,No
41933,032 09 0 021.00,SINGLE FAMILY,"1609  FALL DR, NASHVILLE","December 1, 2015",158000,20151204-0122562,No
29472,032 09 0 022.00,SINGLE FAMILY,"1605  FALL DR, NASHVILLE","April 15, 2015",146100,20150424-0036844,No
33029,032 09 0 035.00,SINGLE FAMILY,"1708  FALL DR, NASHVILLE","June 9, 2015",106900,20150610-0054916,No
40663,032 09 0 049.00,SINGLE FAMILY,"4813  INDIAN SUMMER DR, NASHVILLE","November 30, 2015",154000,20151204-0122573,No
40664,032 09 0 050.00,VACANT RESIDENTIAL LAND,"4809  INDIAN SUMMER DR, NASHVILLE","November 3, 2015",3000,20151106-0113522,Yes
40665,032 09 0 051.00,SINGLE FAMILY,"4805  INDIAN SUMMER DR, NASHVILLE","November 3, 2015",189000,20151106-0113353,No
15544,032 09 0 057.00,SINGLE FAMILY,"4405  SUMMERTIME DR, NASHVILLE","May 12, 2014",144000,20140513-0041007,No
43079,032 09 0 069.00,SINGLE FAMILY,"4856  INDIAN SUMMER DR, NASHVILLE","January 29, 2016",159000,20160202-0010054,No
51976,032 09 0 074.00,SINGLE FAMILY,"4876 INDIAN SUMMER  DR, NASHVILLE","July 18, 2016",155000,20160721-0075428,No
54590,032 09 0 076.00,SINGLE FAMILY,"4900 INDIAN SUMMER  DR, NASHVILLE","September 9, 2016",275000,20160912-0095759,No
38081,032 09 0 078.00,SINGLE FAMILY,"4865  INDIAN SUMMER DR, NASHVILLE","September 1, 2015",119900,20150904-0090227,No
8908,032 09 0 096.00,SINGLE FAMILY,"2161  QUAIL RIDGE DR, NASHVILLE","October 31, 2013",221500,20131108-0115884,No
19812,032 09 0 100.00,SINGLE FAMILY,"2177  QUAIL RIDGE DR, NASHVILLE","August 12, 2014",159500,20140814-0073440,No
16927,032 09 0 112.00,SINGLE FAMILY,"4728  INDIAN SUMMER DR, NASHVILLE","June 19, 2014",208500,20140623-0054296,No
28158,032 09 0 113.00,SINGLE FAMILY,"4724  INDIAN SUMMER DR, NASHVILLE","March 19, 2015",211149,20150323-0024572,No
21305,032 09 0 114.00,SINGLE FAMILY,"4720  INDIAN SUMMER DR, NASHVILLE","September 26, 2014",195000,20140929-0089542,No
3268,032 09 0 127.00,SINGLE FAMILY,"4640  INDIAN SUMMER DR, NASHVILLE","May 7, 2013",152000,20130610-0058855,No
4523,032 09 0 136.00,SINGLE FAMILY,"2156  QUAIL RIDGE DR, NASHVILLE","June 28, 2013",143000,20130701-0067653,No
33030,032 09 0 137.00,SINGLE FAMILY,"2152  QUAIL RIDGE DR, NASHVILLE","June 9, 2015",181000,20150610-0054926,No
26217,032 09 0 149.00,SINGLE FAMILY,"2104  QUAIL RIDGE DR, NASHVILLE","January 23, 2015",134900,20150128-0007926,No
29473,032 09 0B 015.00,SINGLE FAMILY,"4945  INDIAN SUMMER DR, NASHVILLE","April 17, 2015",182000,20150421-0035326,No
16928,032 09 0B 031.00,SINGLE FAMILY,"200  INDIAN SUMMER CT, NASHVILLE","June 30, 2014",296500,20140708-0060150,No
29474,032 10 0 010.00,SINGLE FAMILY,"4298  BRICK CHURCH PIKE, WHITES CREEK","April 21, 2015",197000,20150423-0036320,No
2049,032 10 0 024.00,SINGLE FAMILY,"4633  SETTER CT, NASHVILLE","April 26, 2013",194000,20130430-0043007,No
21306,032 13 0 001.00,SINGLE FAMILY,"4212  BRICK CHURCH PIKE, WHITES CREEK","September 26, 2014",69000,20140930-0089966,No
25024,032 13 0 002.00,SINGLE FAMILY,"4216  BRICK CHURCH PIKE, WHITES CREEK","December 17, 2014",106000,20141229-0118506,No
12404,032 13 0 003.00,SINGLE FAMILY,"4220  BRICK CHURCH PIKE, WHITES CREEK","February 26, 2014",119000,20140304-0018191,No
669,032 13 0 007.00,SINGLE FAMILY,"4225  WINTERBROOK RD, NASHVILLE","February 25, 2013",52000,20130228-0020315,No
5811,032 13 0 023.00,SINGLE FAMILY,"1604  AUTUMN RIDGE DR, NASHVILLE","July 25, 2013",139900,20130730-0079145,No
9802,032 13 0 046.00,SINGLE FAMILY,"4202  BRICK CHURCH PIKE, WHITES CREEK","November 19, 2013",151000,20131122-0120466,No
29475,032 13 0 056.00,SINGLE FAMILY,"4305  FALLING LEAF LN, NASHVILLE","April 20, 2015",133000,20150430-0038715,No
36507,032 13 0 057.00,SINGLE FAMILY,"4301  FALLING LEAF LN, NASHVILLE","August 21, 2015",139900,20150828-0087432,No
15545,032 13 0 067.00,SINGLE FAMILY,"1717  AUTUMN RIDGE DR, NASHVILLE","May 6, 2014",98000,20140523-0044636,No
44080,032 13 0 114.00,SINGLE FAMILY,"4393  SUMMERTIME DR, NASHVILLE","February 1, 2016",135000,20160204-0010966,No
41934,032 14 0 018.00,SINGLE FAMILY,"1418  BELLAVISTA BLVD, NASHVILLE","December 30, 2015",225000,20160104-0000393,No
26218,032 15 0 007.00,SINGLE FAMILY,"1230  DALEMERE DR, NASHVILLE","January 30, 2015",170000,20150203-0010225,No
33031,032 15 0 014.00,SINGLE FAMILY,"4105  CECIL CT, NASHVILLE","June 30, 2015",188000,20150701-0063473,No
10756,032 15 0 020.00,VACANT RES LAND,"0  DALEMERE DR, NASHVILLE","December 6, 2013",169900,20131211-0125356,No
5812,032 15 0 050.00,SINGLE FAMILY,"1381  LA BOLDI AVE, NASHVILLE","July 3, 2013",177500,20130709-0070774,No
28159,032 16 0 008.00,SINGLE FAMILY,"4105  MARYDALE DR, NASHVILLE","March 2, 2015",210000,20150304-0018888,No
19830,033 00 0 124.02,VACANT RESIDENTIAL LAND,"0  OAKLYNN DR, MADISON","August 21, 2014",100000,20141020-0096578,Yes
48726,033 00 0 186.00,SINGLE FAMILY,"1609 WEST  RD, GOODLETTSVILLE","May 16, 2016",349900,20160518-0049456,No
19813,033 00 0 188.00,SINGLE FAMILY,"505  AGEE RD, GOODLETTSVILLE","August 29, 2014",118000,20140904-0081015,No
25025,033 00 0 189.00,SINGLE FAMILY,"507  AGEE RD, GOODLETTSVILLE","December 1, 2014",109000,20141205-0111604,No
44081,033 00 0 208.00,VACANT RESIDENTIAL LAND,"0  DRY CREEK LN, GOODLETTSVILLE","February 12, 2016",89900,20160218-0015413,Yes
6998,033 00 0 232.00,SINGLE FAMILY,"450  W CAMPBELL RD, GOODLETTSVILLE","August 22, 2013",135000,20130905-0093882,No
9803,033 01 0 004.00,SINGLE FAMILY,"962  CARLIN ST, GOODLETTSVILLE","November 22, 2013",208900,20131126-0121430,No
3269,033 01 0 005.00,SINGLE FAMILY,"958  CARLIN ST, GOODLETTSVILLE","May 31, 2013",135000,20130610-0058736,No
19814,033 01 0 008.00,VACANT RESIDENTIAL LAND,"951  CARLIN ST, GOODLETTSVILLE","August 28, 2014",180000,20140829-0079387,Yes
15546,033 02 0 014.00,VACANT RES LAND,"0  GENELLE DR, GOODLETTSVILLE","May 9, 2014",3000,20140516-0042382,Yes
40666,033 02 0 015.00,SINGLE FAMILY,"1201  GENELLE DR, GOODLETTSVILLE","November 24, 2015",293000,20151130-0120701,No
5813,033 02 0 020.00,SINGLE FAMILY,"1013  FONTAINE DR, GOODLETTSVILLE","July 22, 2013",186500,20130805-0081535,No
25026,033 03 0 005.00,DUPLEX,"195  DRY CREEK RD, GOODLETTSVILLE","December 12, 2014",165000,20141216-0114911,No
3270,033 03 0 006.00,SINGLE FAMILY,"197  DRY CREEK RD, GOODLETTSVILLE","May 3, 2013",209000,20130508-0046692,No
21307,033 03 0 007.00,SINGLE FAMILY,"199  DRY CREEK RD, GOODLETTSVILLE","September 26, 2014",90000,20140930-0090328,No
26219,033 03 0A 087.00,RESIDENTIAL CONDO,"87  ROLLING MEADOWS DR, GOODLETTSVILLE","January 16, 2015",117000,20150126-0007020,No
53123,033 03 0A 089.00,RESIDENTIAL CONDO,"89 ROLLING MEADOWS  DR, GOODLETTSVILLE","August 19, 2016",125000,20160825-0089023,No
31084,033 03 0A 097.00,RESIDENTIAL CONDO,"97  ROLLING MEADOWS DR, GOODLETTSVILLE","May 1, 2015",91000,20150505-0041041,No
34762,033 03 0A 097.00,RESIDENTIAL CONDO,"97  ROLLING MEADOWS DR, GOODLETTSVILLE","July 15, 2015",136000,20150729-0074782,No
31085,033 03 0A 100.00,RESIDENTIAL CONDO,"100  ROLLING MEADOWS DR, GOODLETTSVILLE","May 26, 2015",120000,20150527-0048480,No
6999,033 03 0A 108.00,RESIDENTIAL CONDO,"108  ROLLING MEADOWS DR, GOODLETTSVILLE","August 13, 2013",100500,20130816-0086171,No
26220,033 03 0A 110.00,RESIDENTIAL CONDO,"110  ROLLING MEADOWS DR, GOODLETTSVILLE","January 16, 2015",100000,20150120-0005277,No
10757,033 03 0B 001.00,SINGLE FAMILY,"102  IVY HILL LN, GOODLETTSVILLE","December 10, 2013",163000,20131211-0125601,No
5814,033 03 0B 004.00,SINGLE FAMILY,"108  IVY HILL LN, GOODLETTSVILLE","July 31, 2013",146000,20130805-0081561,No
44082,033 03 0B 022.00,SINGLE FAMILY,"130  TRELLIS WAY, GOODLETTSVILLE","February 25, 2016",207000,20160229-0019003,No
54591,033 03 0B 023.00,SINGLE FAMILY,"129 TRELLIS  WAY, GOODLETTSVILLE","September 16, 2016",214000,20160916-0097806,No
45292,033 03 0B 030.00,SINGLE FAMILY,"115  TRELLIS WAY, GOODLETTSVILLE","March 28, 2016",212000,20160329-0029517,No
5815,033 03 0B 039.00,SINGLE FAMILY,"104  VINE LN, GOODLETTSVILLE","July 3, 2013",148500,20130708-0070207,No
14433,033 03 0B 042.00,SINGLE FAMILY,"110  VINE LN, GOODLETTSVILLE","April 29, 2014",157500,20140502-0037357,No
48727,033 03 0B 042.00,SINGLE FAMILY,"110 VINE  LN, GOODLETTSVILLE","May 18, 2016",185000,20160523-0051455,No
54592,033 03 0B 043.00,SINGLE FAMILY,"112 VINE  LN, GOODLETTSVILLE","September 15, 2016",214900,20160921-0099657,No
31086,033 03 0B 047.00,SINGLE FAMILY,"120  VINE LN, GOODLETTSVILLE","May 8, 2015",184398,20150514-0044557,No
3271,033 03 0B 051.00,SINGLE FAMILY,"110  IVY HILL LN, GOODLETTSVILLE","May 1, 2013",162900,20130508-0046238,No
22725,033 03 0B 052.00,SINGLE FAMILY,"112  IVY HILL LN, GOODLETTSVILLE","October 21, 2014",165000,20141103-0101012,No
21308,033 03 0B 054.00,SINGLE FAMILY,"102  TRAILING BLOSSOM LN, GOODLETTSVILLE","September 29, 2014",197500,20141007-0092813,No
22726,033 03 0B 059.00,SINGLE FAMILY,"112  TRAILING BLOSSOM LN, GOODLETTSVILLE","October 27, 2014",195000,20141031-0100693,No
2050,033 03 0B 060.00,SINGLE FAMILY,"170  IVY HILL LN, GOODLETTSVILLE","April 29, 2013",145000,20130501-0043368,No
34763,033 03 0B 065.00,SINGLE FAMILY,"180  IVY HILL LN, GOODLETTSVILLE","July 24, 2015",174900,20150729-0074735,No
22727,033 03 0B 066.00,SINGLE FAMILY,"182  IVY HILL LN, GOODLETTSVILLE","October 30, 2014",141000,20141103-0101021,No
243,033 03 0B 067.00,SINGLE FAMILY,"184  IVY HILL LN, GOODLETTSVILLE","January 11, 2013",165000,20130116-0005229,No
45293,033 03 0B 071.00,SINGLE FAMILY,"192  IVY HILL LN, GOODLETTSVILLE","March 8, 2016",190000,20160309-0022759,No
36508,033 03 0B 073.00,SINGLE FAMILY,"196  IVY HILL LN, GOODLETTSVILLE","August 25, 2015",174900,20150828-0087121,No
28160,033 03 0B 075.00,SINGLE FAMILY,"200  IVY HILL LN, GOODLETTSVILLE","March 13, 2015",231000,20150317-0022900,No
28161,033 03 0B 076.00,SINGLE FAMILY,"202  IVY HILL LN, GOODLETTSVILLE","March 13, 2015",162000,20150317-0022892,No
33032,033 03 0B 079.00,SINGLE FAMILY,"205  IVY HILL LN, GOODLETTSVILLE","June 12, 2015",232500,20150616-0057275,No
28162,033 03 0B 081.00,SINGLE FAMILY,"201  IVY HILL LN, GOODLETTSVILLE","March 13, 2015",176000,20150317-0022896,No
13359,033 03 0B 085.00,SINGLE FAMILY,"193  IVY HILL LN, GOODLETTSVILLE","March 13, 2014",150000,20140324-0023846,No
28163,033 03 0B 086.00,SINGLE FAMILY,"191  IVY HILL LN, GOODLETTSVILLE","March 13, 2015",182000,20150317-0022906,No
48728,033 03 0B 087.00,SINGLE FAMILY,"113 TRAILING BLOSSOM  LN, GOODLETTSVILLE","May 5, 2016",220000,20160506-0045068,No
3272,033 03 0B 100.00,SINGLE FAMILY,"122  IVY HILL LN, GOODLETTSVILLE","May 15, 2013",180000,20130517-0050082,No
56040,033 03 0B 100.00,SINGLE FAMILY,"122 IVY HILL  LN, GOODLETTSVILLE","October 14, 2016",219000,20161020-0111002,No
56041,033 03 0B 105.00,SINGLE FAMILY,"132 IVY HILL  LN, GOODLETTSVILLE","October 31, 2016",217900,20161102-0115681,No
38082,033 03 0B 111.00,SINGLE FAMILY,"144  IVY HILL LN, GOODLETTSVILLE","September 30, 2015",194941,20151002-0100651,No
36509,033 03 0B 115.00,SINGLE FAMILY,"152  IVY HILL LN, GOODLETTSVILLE","August 3, 2015",195000,20150805-0077986,No
8909,033 03 0B 120.00,SINGLE FAMILY,"162  IVY HILL LN, GOODLETTSVILLE","October 18, 2013",181000,20131025-0111413,No
25027,033 03 0B 121.00,SINGLE FAMILY,"164  IVY HILL LN, GOODLETTSVILLE","December 17, 2014",179999,20141222-0116875,No
44083,033 03 0B 131.00,SINGLE FAMILY,"133  IVY HILL LN, GOODLETTSVILLE","February 12, 2016",177500,20160217-0015213,No
5816,033 03 0B 132.00,SINGLE FAMILY,"131  IVY HILL LN, GOODLETTSVILLE","July 26, 2013",159900,20130813-0084875,No
36510,033 03 0B 135.00,SINGLE FAMILY,"125  IVY HILL LN, GOODLETTSVILLE","August 7, 2015",180000,20150819-0083516,No
7000,033 03 0B 137.00,SINGLE FAMILY,"121  IVY HILL LN, GOODLETTSVILLE","August 30, 2013",172500,20130904-0093088,No
22728,033 03 0B 139.00,SINGLE FAMILY,"117  IVY HILL LN, GOODLETTSVILLE","October 31, 2014",179200,20141103-0101162,No
34764,033 03 0B 140.00,SINGLE FAMILY,"115  IVY HILL LN, GOODLETTSVILLE","July 20, 2015",176000,20150722-0071802,No
29476,033 04 0 002.00,SINGLE FAMILY,"104  GARRETT DR, GOODLETTSVILLE","April 27, 2015",64000,20150429-0038332,No
29477,033 04 0 015.00,SINGLE FAMILY,"124  DRAPER DR, GOODLETTSVILLE","April 29, 2015",81000,20150505-0040640,No
39435,033 04 0 015.00,SINGLE FAMILY,"124  DRAPER DR, GOODLETTSVILLE","October 15, 2015",167000,20151019-0105851,No
7001,033 04 0 016.00,SINGLE FAMILY,"126  DRAPER DR, GOODLETTSVILLE","August 16, 2013",83000,20130904-0093047,No
12405,033 04 0 017.00,VACANT RES LAND,"128  DRAPER DR, GOODLETTSVILLE","February 26, 2014",40000,20140228-0017471,Yes
53124,033 04 0 024.00,SINGLE FAMILY,"105 DRAPER  DR, GOODLETTSVILLE","August 25, 2016",152240,20160829-0090282,No
45294,033 04 0 032.00,SINGLE FAMILY,"121  DRAPER DR, GOODLETTSVILLE","March 2, 2016",189000,20160304-0020893,No
16929,033 04 0A 006.00,RESIDENTIAL CONDO,"6  ROLLING MEADOWS DR, GOODLETTSVILLE","June 20, 2014",80000,20140625-0055548,No
7002,033 04 0A 017.00,RESIDENTIAL CONDO,"17  ROLLING MEADOWS DR, GOODLETTSVILLE","August 23, 2013",144500,20130828-0090703,No
15547,033 04 0A 020.00,RESIDENTIAL CONDO,"20  ROLLING MEADOWS DR, GOODLETTSVILLE","May 22, 2014",128200,20140530-0046650,No
56042,033 04 0A 024.00,RESIDENTIAL CONDO,"24 ROLLING MEADOWS  DR, GOODLETTSVILLE","October 4, 2016",134900,20161006-0105678,No
5817,033 04 0A 026.00,RESIDENTIAL CONDO,"26  ROLLING MEADOWS DR, GOODLETTSVILLE","July 31, 2013",105000,20130807-0082779,No
40667,033 04 0A 037.00,RESIDENTIAL CONDO,"37  ROLLING MEADOWS DR, GOODLETTSVILLE","November 27, 2015",145000,20151201-0120945,No
53125,033 04 0A 040.00,RESIDENTIAL CONDO,"40 ROLLING MEADOWS  DR, GOODLETTSVILLE","August 1, 2016",145000,20160805-0081619,No
56043,033 04 0A 050.00,RESIDENTIAL CONDO,"50 ROLLING MEADOWS  DR, GOODLETTSVILLE","October 4, 2016",134000,20161007-0106578,No
25028,033 04 0A 068.00,RESIDENTIAL CONDO,"68  ROLLING MEADOWS DR, GOODLETTSVILLE","December 3, 2014",85000,20141204-0111220,No
4524,033 04 0A 074.00,RESIDENTIAL CONDO,"74  ROLLING MEADOWS DR, GOODLETTSVILLE","June 28, 2013",112000,20130819-0087122,No
38083,033 04 0A 076.00,RESIDENTIAL CONDO,"76  ROLLING MEADOWS DR, GOODLETTSVILLE","September 11, 2015",130000,20150914-0093144,No
2051,033 04 0B 013.00,SINGLE FAMILY,"207  DRY CREEK POINTE CT, GOODLETTSVILLE","April 18, 2013",152000,20130419-0039056,No
33033,033 04 0B 016.00,SINGLE FAMILY,"201  DRY CREEK POINTE CT, GOODLETTSVILLE","June 30, 2015",179900,20150706-0064657,No
50588,033 04 0B 023.00,SINGLE FAMILY,"216 NATHAN  DR, GOODLETTSVILLE","June 30, 2016",201000,20160707-0069609,No
4525,033 04 0B 040.00,SINGLE FAMILY,"101  DRY CREEK POINTE CT, GOODLETTSVILLE","June 27, 2013",125000,20130712-0072330,No
13360,033 05 0 004.00,SINGLE FAMILY,"212  BIRDWELL CT, GOODLETTSVILLE","March 31, 2014",189950,20140402-0027359,No
13361,033 05 0 010.00,SINGLE FAMILY,"236  BIRDWELL CT, GOODLETTSVILLE","March 31, 2014",235000,20140407-0028755,No
8910,033 05 0 015.00,SINGLE FAMILY,"221  BIRDWELL CT, GOODLETTSVILLE","October 23, 2013",290000,20131030-0112836,No
11700,033 05 0 017.00,SINGLE FAMILY,"213  BIRDWELL CT, GOODLETTSVILLE","January 27, 2014",165000,20140129-0008038,No
14434,033 05 0 018.00,SINGLE FAMILY,"209  BIRDWELL CT, GOODLETTSVILLE","April 17, 2014",175000,20140422-0033701,No
38084,033 06 0 007.00,SINGLE FAMILY,"1103  OLD DICKERSON PIKE, GOODLETTSVILLE","September 9, 2015",190000,20150918-0094889,No
31087,033 06 0 010.00,SINGLE FAMILY,"1040  FONTAINE DR, GOODLETTSVILLE","May 8, 2015",189900,20150515-0044738,No
15548,033 06 0 013.00,SINGLE FAMILY,"1095  OLD DICKERSON PIKE, GOODLETTSVILLE","May 21, 2014",53500,20140523-0044842,No
16930,033 06 0 026.00,SINGLE FAMILY,"920  WEEPING WILLOW WAY, GOODLETTSVILLE","June 20, 2014",136500,20140624-0055020,No
18374,033 06 0 027.00,SINGLE FAMILY,"924  WEEPING WILLOW WAY, GOODLETTSVILLE","July 29, 2014",152000,20140801-0069013,No
2052,033 06 0 040.00,SINGLE FAMILY,"1133  CAMPBELL RD, GOODLETTSVILLE","April 5, 2013",155000,20130410-0035469,No
46863,033 06 0 040.00,SINGLE FAMILY,"1133  CAMPBELL RD, GOODLETTSVILLE","April 28, 2016",175000,20160429-0042296,No
7003,033 06 0 041.00,SINGLE FAMILY,"1129  CAMPBELL RD, GOODLETTSVILLE","August 23, 2013",150000,20130829-0091196,No
43080,033 06 0 041.00,SINGLE FAMILY,,"January 4, 2016",170000,20160107-0001526,No
12406,033 06 0A 002.00,SINGLE FAMILY,"1116  CAMPBELL RD, GOODLETTSVILLE","February 14, 2014",146000,20140220-0014506,No
45295,033 06 0A 002.00,SINGLE FAMILY,,"March 29, 2016",210000,20160331-0030709,No
48729,033 06 0A 007.00,SINGLE FAMILY,"1140 CAMPBELL  RD, GOODLETTSVILLE","May 27, 2016",180500,20160531-0054542,No
11701,033 06 0A 010.00,SINGLE FAMILY,"1156  CAMPBELL RD, GOODLETTSVILLE","January 31, 2014",190000,20140204-0009741,No
46864,033 06 0A 011.00,SINGLE FAMILY,"1160  CAMPBELL RD, GOODLETTSVILLE","April 7, 2016",205000,20160420-0038080,No
21309,033 06 0A 012.00,SINGLE FAMILY,"1164  CAMPBELL RD, GOODLETTSVILLE","September 26, 2014",236000,20140930-0089890,No
39436,033 06 0A 013.00,SINGLE FAMILY,"101  ECHO HILL BLVD, GOODLETTSVILLE","October 21, 2015",222000,20151023-0107941,No
39437,033 06 0A 014.00,SINGLE FAMILY,"105  ECHO HILL BLVD, GOODLETTSVILLE","October 9, 2015",280000,20151014-0104507,No
16931,033 06 0A 018.00,SINGLE FAMILY,"356  SOLITUDE CIR, GOODLETTSVILLE","June 9, 2014",210000,20140611-0050704,No
7983,033 06 0A 024.00,SINGLE FAMILY,"341  SOLITUDE CIR, GOODLETTSVILLE","September 5, 2013",230000,20130911-0095688,No
22729,033 06 0A 032.00,SINGLE FAMILY,"373  SOLITUDE CIR, GOODLETTSVILLE","October 3, 2014",268900,20141006-0092203,No
12407,033 06 0A 035.00,SINGLE FAMILY,"396  SOLITUDE CIR, GOODLETTSVILLE","February 24, 2014",212500,20140227-0016880,No
43081,033 06 0A 040.00,SINGLE FAMILY,"372  SOLITUDE CIR, GOODLETTSVILLE","January 26, 2016",310000,20160128-0008375,No
25029,033 06 0A 051.00,SINGLE FAMILY,"424  SOLITUDE CIR, GOODLETTSVILLE","December 4, 2014",224900,20141209-0112624,No
51977,033 06 0A 053.00,VACANT RESIDENTIAL LAND,"213 SOLITUDE  CIR, GOODLETTSVILLE","July 5, 2016",275605,20160708-0070094,No
53126,033 06 0A 054.00,SINGLE FAMILY,"209 SOLITUDE  CIR, GOODLETTSVILLE","August 12, 2016",253400,20160816-0085271,No
54593,033 06 0A 057.00,VACANT RESIDENTIAL LAND,"208 SOLITUDE  CIR, GOODLETTSVILLE","September 23, 2016",45000,20160929-0102913,Yes
56044,033 06 0A 059.00,SINGLE FAMILY,"216 SOLITUDE  CIR, GOODLETTSVILLE","October 21, 2016",270000,20161025-0112684,No
1209,033 06 0A 063.00,SINGLE FAMILY,"397  SOLITUDE CIR, GOODLETTSVILLE","March 4, 2013",165000,20130311-0024036,No
56065,033 08 0 002.00,SINGLE FAMILY,"107 HARDAWAY  DR, GOODLETTSVILLE","October 7, 2016",181000,20161019-0110499,No
45315,033 08 0 008.00,SINGLE FAMILY,"106  HARDAWAY DR, GOODLETTSVILLE","March 24, 2016",145000,20160405-0032392,No
45316,033 08 0 025.00,SINGLE FAMILY,"419  GATES RD, GOODLETTSVILLE","March 3, 2016",171500,20160304-0020840,No
21325,033 08 0 027.00,SINGLE FAMILY,"423  GATES RD, GOODLETTSVILLE","September 8, 2014",111000,20140916-0084896,No
54617,033 08 0 043.00,SINGLE FAMILY,"111 MARITA  AVE, GOODLETTSVILLE","September 2, 2016",180000,20160907-0094123,No
50613,033 08 0 045.00,SINGLE FAMILY,"110 MARITA  AVE, GOODLETTSVILLE","June 9, 2016",135000,20160610-0058950,No
34786,033 08 0 052.00,SINGLE FAMILY,"410  GATES RD, GOODLETTSVILLE","July 27, 2015",139900,20150803-0076425,No
28181,033 08 0 056.00,SINGLE FAMILY,"511  MONICA AVE, GOODLETTSVILLE","March 31, 2015",129900,20150410-0031561,No
23926,033 08 0 072.00,SINGLE FAMILY,"142  HARDAWAY DR, GOODLETTSVILLE","November 25, 2014",110000,20141217-0115528,No
15564,033 08 0 073.00,SINGLE FAMILY,"140  HARDAWAY DR, GOODLETTSVILLE","May 15, 2014",132900,20140520-0043342,No
2088,033 08 0 076.00,SINGLE FAMILY,"134  HARDAWAY DR, GOODLETTSVILLE","April 8, 2013",115000,20130416-0037836,No
23927,033 08 0 085.00,SINGLE FAMILY,"309  JANETTE AVE, GOODLETTSVILLE","November 6, 2014",107000,20141110-0103430,No
46909,033 08 0 088.00,SINGLE FAMILY,"303  JANETTE AVE, GOODLETTSVILLE","April 28, 2016",140000,20160502-0042543,No
19831,033 08 0 099.00,SINGLE FAMILY,"131  HARDAWAY DR, GOODLETTSVILLE","August 1, 2014",117500,20140805-0070114,No
36526,033 08 0 101.00,SINGLE FAMILY,"135  HARDAWAY DR, GOODLETTSVILLE","August 28, 2015",130000,20150904-0090523,No
41947,033 08 0 102.00,SINGLE FAMILY,"137  HARDAWAY DR, GOODLETTSVILLE","December 30, 2015",150000,20151231-0131632,No
45317,033 08 0 115.00,SINGLE FAMILY,"340  JANETTE AVE, GOODLETTSVILLE","March 14, 2016",115000,20160316-0024904,No
36527,033 08 0 123.00,SINGLE FAMILY,"324  JANETTE AVE, GOODLETTSVILLE","August 28, 2015",144900,20150921-0095706,No
23928,033 08 0 128.00,SINGLE FAMILY,"314  JANETTE AVE, GOODLETTSVILLE","November 7, 2014",116000,20141112-0104276,No
18391,033 08 0 140.00,SINGLE FAMILY,"331  JANETTE AVE, GOODLETTSVILLE","July 24, 2014",74900,20140725-0066169,No
7022,033 08 0 143.00,SINGLE FAMILY,"337  JANETTE AVE, GOODLETTSVILLE","August 23, 2013",109900,20130906-0094474,No
12413,033 08 0 144.00,SINGLE FAMILY,"339  JANETTE AVE, GOODLETTSVILLE","February 5, 2014",123000,20140206-0010683,No
51991,033 08 0 144.00,SINGLE FAMILY,"339 JANETTE  AVE, GOODLETTSVILLE","July 22, 2016",152500,20160726-0076847,No
33053,033 08 0 146.00,SINGLE FAMILY,"343  JANETTE AVE, GOODLETTSVILLE","June 30, 2015",125000,20150702-0064343,No
26237,033 08 0 155.00,SINGLE FAMILY,"361  JANETTE AVE, GOODLETTSVILLE","January 16, 2015",125000,20150120-0005400,No
54594,033 09 0 001.00,SINGLE FAMILY,"109 KATHERINE  CT, GOODLETTSVILLE","September 22, 2016",265000,20160927-0101617,No
50589,033 10 0 013.00,SINGLE FAMILY,"344 NORTHWIND  DR, GOODLETTSVILLE","June 29, 2016",270000,20160706-0068941,No
39438,033 10 0 016.00,SINGLE FAMILY,"411  NORTHWIND CT, GOODLETTSVILLE","October 26, 2015",275000,20151028-0109658,No
22730,033 10 0 017.00,SINGLE FAMILY,"413  NORTHWIND CT, GOODLETTSVILLE","October 31, 2014",199900,20141104-0101929,No
43082,033 10 0 020.00,SINGLE FAMILY,"318  NORTHWIND DR, GOODLETTSVILLE","January 11, 2016",250000,20160115-0004240,No
10758,033 10 0 027.00,SINGLE FAMILY,"616  TREBOR DR, GOODLETTSVILLE","December 6, 2013",186500,20131206-0124376,No
13362,033 10 0 030.00,SINGLE FAMILY,"509  WOODSHIRE DR, GOODLETTSVILLE","March 28, 2014",188000,20140402-0027154,No
7004,033 11 0 007.00,SINGLE FAMILY,"202  APPLETREE RD, GOODLETTSVILLE","August 7, 2013",137500,20130813-0084879,No
43083,033 11 0 009.00,SINGLE FAMILY,"203  APPLETREE RD, GOODLETTSVILLE","January 29, 2016",160500,20160202-0010067,No
34765,033 11 0 010.00,SINGLE FAMILY,"205  APPLETREE RD, GOODLETTSVILLE","July 2, 2015",170000,20150707-0065691,No
46865,033 11 0 011.00,SINGLE FAMILY,"308  FAIRBANKS RD, GOODLETTSVILLE","April 21, 2016",148000,20160504-0043976,No
33034,033 11 0 012.00,SINGLE FAMILY,"306  FAIRBANKS RD, GOODLETTSVILLE","June 4, 2015",150000,20150604-0052520,No
36511,033 11 0 027.00,SINGLE FAMILY,"203  EDGEBROOK RD, GOODLETTSVILLE","August 10, 2015",155000,20150814-0081733,No
25051,033 11 0 038.00,SINGLE FAMILY,"721  HAMBLEN DR, MADISON","December 18, 2014",119000,20150102-0000154,No
31105,033 11 0 046.00,SINGLE FAMILY,"815  HAMBLEN DR, MADISON","May 28, 2015",147500,20150605-0052693,No
4537,033 11 0 049.00,SINGLE FAMILY,"821  HAMBLEN DR, MADISON","June 11, 2013",80000,20130624-0064674,No
19832,033 12 0 001.00,VACANT RESIDENTIAL LAND,"0  HAMBLEN DR, MADISON","August 21, 2014",100000,20141020-0096578,Yes
4538,033 12 0 012.00,SINGLE FAMILY,"503  JANETTE AVE, GOODLETTSVILLE","June 14, 2013",60000,20130625-0065040,No
26238,033 12 0 020.00,SINGLE FAMILY,"432  GATES RD, GOODLETTSVILLE","January 9, 2015",118000,20150112-0002822,No
29501,033 12 0 020.00,SINGLE FAMILY,"432  GATES RD, GOODLETTSVILLE","April 23, 2015",154500,20150428-0037980,No
8005,033 12 0 027.00,SINGLE FAMILY,"312  CONNIE AVE, GOODLETTSVILLE","September 27, 2013",112000,20130930-0102392,No
23929,033 12 0 037.00,SINGLE FAMILY,"113  MARITA AVE, GOODLETTSVILLE","November 17, 2014",121500,20141124-0108320,No
46910,033 12 0 044.00,SINGLE FAMILY,"116  MARITA AVE, GOODLETTSVILLE","April 22, 2016",150000,20160426-0040499,No
51992,033 12 0 045.00,SINGLE FAMILY,"118 MARITA  AVE, GOODLETTSVILLE","July 20, 2016",187000,20160727-0077170,No
13380,033 12 0 048.00,SINGLE FAMILY,"124  MARITA AVE, GOODLETTSVILLE","March 21, 2014",119000,20140325-0024471,No
46911,033 12 0 058.00,SINGLE FAMILY,"408  JANETTE AVE, GOODLETTSVILLE","April 15, 2016",100000,20160421-0038781,No
18392,033 12 0 060.00,SINGLE FAMILY,"404  JANETTE AVE, GOODLETTSVILLE","July 18, 2014",112000,20140721-0064493,No
25052,033 12 0 072.00,SINGLE FAMILY,"129  MARITA AVE, GOODLETTSVILLE","December 15, 2014",115000,20150105-0000528,No
31106,033 12 0 073.00,SINGLE FAMILY,"213  MARITA AVE, GOODLETTSVILLE","May 15, 2015",250000,20150519-0045983,No
2089,033 12 0 088.00,SINGLE FAMILY,"416  JANETTE AVE, GOODLETTSVILLE","April 5, 2013",132000,20130411-0036138,No
41948,033 12 0 093.00,SINGLE FAMILY,"208  FRIENDSHIP DR, GOODLETTSVILLE","December 4, 2015",143900,20151208-0123426,No
9814,033 12 0 097.00,SINGLE FAMILY,"200  FRIENDSHIP DR, GOODLETTSVILLE","November 27, 2013",93000,20131204-0123642,No
21326,033 12 0 103.00,SINGLE FAMILY,"428  JANETTE AVE, GOODLETTSVILLE","September 19, 2014",114000,20140924-0087776,No
4539,033 12 0 104.00,SINGLE FAMILY,"426  JANETTE AVE, GOODLETTSVILLE","June 26, 2013",120000,20130628-0066911,No
36528,033 12 0 107.00,SINGLE FAMILY,"314  MARITA AVE, GOODLETTSVILLE","August 26, 2015",127000,20150827-0086917,No
38109,033 12 0 111.00,SINGLE FAMILY,"319  MELISSA DR, GOODLETTSVILLE","September 14, 2015",108750,20150916-0093968,No
46912,033 12 0 114.00,SINGLE FAMILY,"440  JANETTE AVE, GOODLETTSVILLE","April 25, 2016",114900,20160428-0041671,No
8006,033 12 0 134.00,SINGLE FAMILY,"435  JANETTE AVE, GOODLETTSVILLE","September 16, 2013",101900,20130919-0098900,No
23930,033 12 0 137.00,SINGLE FAMILY,"441  JANETTE AVE, GOODLETTSVILLE","November 18, 2014",96400,20141118-0106275,No
10783,033 12 0 142.00,SINGLE FAMILY,"363  JANETTE AVE, GOODLETTSVILLE","December 31, 2013",100000,20140102-0000125,No
2090,033 12 0 152.00,DUPLEX,"188  CONNARE DR, MADISON","April 19, 2013",160000,20130422-0039627,No
38085,033 13 0 002.00,SINGLE FAMILY,"107 A  CUNNIFF PKWY, GOODLETTSVILLE","September 18, 2015",310000,20150921-0095847,No
40668,033 13 0A 005.00,SINGLE FAMILY,"860  FONNIC DR, NASHVILLE","November 23, 2015",270000,20151124-0119120,No
43084,033 13 0A 009.00,SINGLE FAMILY,"876  FONNIC DR, NASHVILLE","January 15, 2016",350000,20160121-0006112,No
1210,033 13 0A 011.00,SINGLE FAMILY,"869  FONNIC DR, NASHVILLE","March 21, 2013",226000,20130326-0029377,No
36512,033 13 0A 016.00,SINGLE FAMILY,"849  FONNIC DR, NASHVILLE","August 10, 2015",269000,20150820-0083953,No
2053,033 13 0A 023.00,SINGLE FAMILY,"848  CURTIS DR, NASHVILLE","April 1, 2013",240000,20130415-0037150,No
15549,033 13 0A 035.00,SINGLE FAMILY,"845  CURTIS DR, NASHVILLE","May 23, 2014",259857,20140528-0045827,No
48730,033 13 0A 037.00,SINGLE FAMILY,"837 CURTIS  DR, NASHVILLE","May 6, 2016",259900,20160513-0047959,No
40669,033 13 0A 041.00,SINGLE FAMILY,"908  HIDDEN SPRINGS DR, NASHVILLE","November 20, 2015",240000,20151123-0118623,No
22731,033 13 0A 043.00,SINGLE FAMILY,"905  HIDDEN SPRINGS DR, NASHVILLE","October 3, 2014",267525,20141015-0095111,No
29478,033 14 0 015.00,SINGLE FAMILY,"302  CUNNIFF PKWY, GOODLETTSVILLE","April 22, 2015",174000,20150501-0039380,No
33035,033 14 0 016.00,SINGLE FAMILY,"503  CUNNIFF CT, GOODLETTSVILLE","June 18, 2015",179900,20150619-0059059,No
44084,033 14 0 017.00,SINGLE FAMILY,"505  CUNNIFF CT, GOODLETTSVILLE","February 10, 2016",168500,20160212-0013878,No
51978,033 14 0 020.00,SINGLE FAMILY,"511 CUNNIFF  CT, GOODLETTSVILLE","July 20, 2016",199500,20160727-0077220,No
7984,033 14 0 023.00,SINGLE FAMILY,"204  CUNNIFF PKWY, GOODLETTSVILLE","September 6, 2013",170000,20130909-0095076,No
50590,033 14 0 031.00,SINGLE FAMILY,"202 NORTHWIND  DR, GOODLETTSVILLE","June 16, 2016",315000,20160620-0062449,No
22732,033 14 0 046.00,SINGLE FAMILY,"205  FONNIC DR, GOODLETTSVILLE","October 23, 2014",164000,20141028-0099249,No
1211,033 14 0 050.00,SINGLE FAMILY,"202  FONNIC DR, GOODLETTSVILLE","March 12, 2013",167900,20130314-0025393,No
4526,033 14 0 051.00,SINGLE FAMILY,"203  CUNNIFF PKWY, GOODLETTSVILLE","June 17, 2013",172000,20130624-0064199,No
46866,033 14 0 056.00,SINGLE FAMILY,"707  NELLA DR, GOODLETTSVILLE","April 18, 2016",220000,20160421-0038561,No
41935,033 14 0 071.00,SINGLE FAMILY,"207  GREEN ACRES CT, GOODLETTSVILLE","December 9, 2015",221000,20151210-0124372,No
33036,033 14 0 072.00,SINGLE FAMILY,"209  GREEN ACRES CT, GOODLETTSVILLE","June 25, 2015",354000,20150708-0066373,No
11702,033 14 0 074.00,SINGLE FAMILY,"304  GREEN ACRES DR, GOODLETTSVILLE","January 30, 2014",173500,20140207-0010890,No
51979,033 14 0 086.00,SINGLE FAMILY,"801 NELLA  DR, GOODLETTSVILLE","July 8, 2016",245000,20160711-0070552,No
2054,033 14 0 098.00,SINGLE FAMILY,"307  GREEN ACRES DR, GOODLETTSVILLE","April 30, 2013",150000,20130502-0044000,No
22733,033 15 0 010.02,DUPLEX,"315  GREEN ACRES DR, GOODLETTSVILLE","October 28, 2014",179900,20141029-0099757,No
15565,033 15 0 011.00,SINGLE FAMILY,"717  HAMBLEN DR, MADISON","May 12, 2014",144000,20140519-0042684,No
45318,033 15 0 011.00,SINGLE FAMILY,"717  HAMBLEN DR, MADISON","March 17, 2016",174900,20160318-0026054,No
48755,033 15 0 012.00,SINGLE FAMILY,"713 HAMBLEN  DR, MADISON","May 4, 2016",187500,20160506-0045381,No
4540,033 15 0 023.00,SINGLE FAMILY,"902  SUNVALLEY DR, MADISON","June 7, 2013",130000,20130612-0059701,No
41949,033 15 0 036.00,SINGLE FAMILY,"909  APPLE VALLEY RD, MADISON","December 3, 2015",136000,20151207-0122808,No
36529,033 15 0 044.00,SINGLE FAMILY,"828  APPLE VALLEY RD, MADISON","August 18, 2015",136000,20150821-0084711,No
10784,033 15 0 046.00,SINGLE FAMILY,"611  HAMBLEN DR, MADISON","December 16, 2013",169900,20140102-0000246,No
29502,033 15 0 046.00,SINGLE FAMILY,"611  HAMBLEN DR, MADISON","April 29, 2015",195000,20150504-0040295,No
34787,033 15 0 049.00,SINGLE FAMILY,"817  E CAMPBELL RD, MADISON","July 31, 2015",144000,20150804-0076920,No
23931,033 15 0 055.00,SINGLE FAMILY,"812  E CAMPBELL RD, MADISON","November 12, 2014",145000,20141113-0104701,No
18393,033 15 0 065.00,SINGLE FAMILY,"923  WOODS LAKE DR, MADISON","July 25, 2014",133000,20140801-0068809,No
19833,033 15 0 071.00,SINGLE FAMILY,"902  APPLE VALLEY RD, MADISON","August 1, 2014",160000,20140807-0070977,No
51993,033 15 0 071.00,SINGLE FAMILY,"902 APPLE VALLEY  RD, MADISON","July 14, 2016",199900,20160725-0076431,No
22757,033 15 0 072.00,SINGLE FAMILY,"904  APPLE VALLEY RD, MADISON","October 20, 2014",145000,20141027-0098731,No
48756,033 15 0 073.00,SINGLE FAMILY,"906 APPLE VALLEY  RD, MADISON","May 16, 2016",115000,20160520-0050519,No
18394,033 15 0 098.00,SINGLE FAMILY,"1009  N GRAYCROFT AVE, MADISON","July 14, 2014",99495,20140716-0062850,No
18395,033 15 0 101.00,SINGLE FAMILY,"1003  N GRAYCROFT AVE, MADISON","July 11, 2014",153000,20140718-0063682,No
33054,033 15 0 107.00,SINGLE FAMILY,"122  CAMPBELL CT, MADISON","June 4, 2015",230000,20150608-0053739,No
22758,033 15 0 117.00,SINGLE FAMILY,"811  E CAMPBELL RD, MADISON","October 30, 2014",181900,20141103-0101147,No
25053,033 15 0 118.00,SINGLE FAMILY,"813  E CAMPBELL RD, MADISON","December 5, 2014",160000,20141222-0116929,No
46913,033 15 0 119.00,SINGLE FAMILY,"815 E CAMPBELL RD, MADISON","April 13, 2016",147000,20160414-0035696,No
39439,033 15 0 123.00,SINGLE FAMILY,"438  W CAMPBELL RD, GOODLETTSVILLE","October 9, 2015",105000,20151012-0103659,No
48731,033 15 0 123.00,SINGLE FAMILY,,"May 5, 2016",199900,20160506-0045368,No
5830,033 16 0 003.00,SINGLE FAMILY,"922  SUNVALLEY DR, MADISON","July 16, 2013",118200,20130722-0075287,No
50614,033 16 0 014.00,SINGLE FAMILY,"1117 APPLE VALLEY  RD, MADISON","June 10, 2016",201500,20160614-0060109,No
48757,033 16 0 015.00,SINGLE FAMILY,"1113 APPLE VALLEY  RD, MADISON","May 16, 2016",215000,20160519-0050438,No
23932,033 16 0 019.00,SINGLE FAMILY,"1021  N GRAYCROFT AVE, MADISON","November 17, 2014",145000,20141125-0108722,No
36530,033 16 0 020.00,SINGLE FAMILY,"1019  N GRAYCROFT AVE, MADISON","August 19, 2015",144000,20150821-0084776,No
40685,033 16 0 023.00,SINGLE FAMILY,"1012  N GRAYCROFT AVE, MADISON","November 10, 2015",90000,20151113-0115426,No
21327,033 16 0 037.00,SINGLE FAMILY,"451  JANETTE AVE, GOODLETTSVILLE","September 16, 2014",127000,20140923-0087062,No
22759,033 16 0 038.00,DUPLEX,"1137  N GRAYCROFT AVE, MADISON","October 24, 2014",90000,20141027-0098602,No
4541,033 16 0 042.00,DUPLEX,"121  SLAYTON CT, MADISON","June 7, 2013",87000,20130613-0060309,No
2091,033 16 0 055.00,DUPLEX,"192  CONNARE DR, MADISON","April 19, 2013",160000,20130422-0039627,No
5831,033 16 0 059.00,SINGLE FAMILY,"1221  N GRAYCROFT AVE, MADISON","July 7, 2013",54000,20130715-0072604,No
9815,033 16 0 059.00,SINGLE FAMILY,"1221  N GRAYCROFT AVE, MADISON","November 13, 2013",130000,20131114-0117690,No
26239,033 16 0 062.00,SINGLE FAMILY,"1233  N GRAYCROFT AVE, MADISON","January 29, 2015",125000,20150205-0010860,No
5832,033 16 0 063.00,ZERO LOT LINE,"1237  N GRAYCROFT AVE, MADISON","July 2, 2013",96600,20130710-0071509,No
1218,033 16 0 065.00,SINGLE FAMILY,"1245  N GRAYCROFT AVE, MADISON","March 11, 2013",105900,20130315-0026054,No
19834,033 16 0 065.00,SINGLE FAMILY,"1245  N GRAYCROFT AVE, MADISON","August 8, 2014",145000,20140813-0073184,No
56066,033 16 0 078.00,SINGLE FAMILY,"1216 N GRAYCROFT  AVE, MADISON","October 5, 2016",163000,20161007-0106454,No
51994,033 16 0 079.00,SINGLE FAMILY,"1212 N GRAYCROFT  AVE, MADISON","July 15, 2016",160000,20160720-0074493,No
33055,033 16 0 106.00,SINGLE FAMILY,"1137  NELSON DR, MADISON","June 9, 2015",128000,20150611-0055135,No
46914,033 16 0 106.00,SINGLE FAMILY,"1137  NELSON DR, MADISON","April 14, 2016",136400,20160418-0037001,No
39461,033 16 0 117.00,ZERO LOT LINE,"1113  NELSON DR, MADISON","October 26, 2015",112000,20151030-0110591,No
38110,033 16 0 129.00,SINGLE FAMILY,"229  SLAYTON DR, MADISON","September 4, 2015",145000,20150908-0091056,No
15566,033 16 0 131.00,SINGLE FAMILY,"1128  NELSON DR, MADISON","May 23, 2014",121500,20140527-0045278,No
46915,033 16 0 131.00,SINGLE FAMILY,"221  SLAYTON DR, MADISON","April 11, 2016",145000,20160413-0035200,No
34788,033 16 0 137.00,ZERO LOT LINE,"209  NELSON CT E, MADISON","July 24, 2015",100000,20150818-0083222,No
50615,033 16 0 138.00,ZERO LOT LINE,"214 NELSON  CT E, MADISON","June 17, 2016",170000,20160620-0062744,No
41950,033 16 0 153.00,SINGLE FAMILY,"305  SLAYTON DR, MADISON","December 11, 2015",95000,20151215-0125845,No
45319,033 16 0 153.00,SINGLE FAMILY,"305  SLAYTON DR, MADISON","March 24, 2016",164900,20160328-0028500,No
34789,033 16 0 155.00,SINGLE FAMILY,"313  SLAYTON DR, MADISON","July 14, 2015",162000,20150717-0069903,No
34790,033 16 0 156.00,VACANT RESIDENTIAL LAND,"317  SLAYTON DR, MADISON","July 14, 2015",162000,20150717-0069903,No
18396,033 16 0 162.00,SINGLE FAMILY,"304  SLAYTON DR, MADISON","July 2, 2014",117500,20140703-0058721,No
15567,033 16 0 164.00,SINGLE FAMILY,"248  SLAYTON DR, MADISON","May 29, 2014",60000,20140602-0047317,No
23933,033 16 0 164.00,SINGLE FAMILY,"248  SLAYTON DR, MADISON","November 6, 2014",154000,20141107-0102945,No
31107,033 16 0 168.00,SINGLE FAMILY,"232  SLAYTON DR, MADISON","May 22, 2015",139900,20150602-0051263,No
14446,033 16 0 208.00,ZERO LOT LINE,"235  MACFIE DR, MADISON","April 2, 2014",71000,20140407-0028792,No
45320,033 16 0 208.00,ZERO LOT LINE,"235  MACFIE DR, MADISON","March 9, 2016",93000,20160329-0029383,No
10785,033 16 0 209.00,ZERO LOT LINE,"231  MACFIE DR, MADISON","December 26, 2013",88000,20140103-0000826,No
25054,033 16 0 222.00,ZERO LOT LINE,"1112  NELSON DR, MADISON","December 15, 2014",83500,20141222-0116684,No
34791,033 16 0 224.00,ZERO LOT LINE,"211  NELSON CT E, MADISON","July 24, 2015",100000,20150818-0083228,No
50616,033 16 0 225.00,ZERO LOT LINE,"212 NELSON  CT E, MADISON","June 17, 2016",170000,20160620-0062744,No
19835,033 16 0 245.00,ZERO LOT LINE,"1150  N GRAYCROFT AVE, MADISON","August 4, 2014",129000,20140807-0071254,No
5833,033 16 0 247.00,ZERO LOT LINE,"1239  N GRAYCROFT AVE, MADISON","July 2, 2013",96600,20130710-0071509,No
41951,033 16 0 253.00,ZERO LOT LINE,"511  MACFIE CT, MADISON","December 22, 2015",107000,20151230-0131274,No
38111,033 16 0 274.00,ZERO LOT LINE,"1119  N GRAYCROFT AVE, MADISON","September 1, 2015",96000,20150909-0091678,No
